model,model_label,location,seed,period,Plug-in Hour TVC,Connection Time KS,Energy Session KS,Average Score
diffusion,Diffusion,0,406,Year,0.8813555801274471,0.9385406213847894,0.9627709210837483,0.927555707531995
diffusion,Diffusion,0,406,January,0.9051563368501981,0.9401639472002743,0.9539482911777082,0.9330895250760602
diffusion,Diffusion,0,406,May,0.7906675801172263,0.9213671310040344,0.9043921747735404,0.8721422952982669
diffusion,Diffusion,0,406,July,0.8166786484543493,0.8584257192225712,0.898192641921122,0.8577656698660142
diffusion,Diffusion,0,406,October,0.8158185103003407,0.8785056927721799,0.95433657075649,0.8828869246096702
diffusion,Diffusion,0,100,Year,0.8841530935842685,0.9356700190607351,0.9737295263023625,0.9311842129824554
diffusion,Diffusion,0,100,January,0.8705350690931729,0.9122522262120488,0.9521906371246568,0.9116593108099594
diffusion,Diffusion,0,100,May,0.8707400685622101,0.9103649929421255,0.922060899374874,0.9010553202930698
diffusion,Diffusion,0,100,July,0.7963152258566979,0.8763385903426791,0.8817294587227414,0.8514610916407062
diffusion,Diffusion,0,100,October,0.8362813517743095,0.866362136784672,0.9628642727234277,0.8885025870941363
diffusion,Diffusion,0,200,Year,0.8794702383018262,0.9335626385117972,0.9776693158836748,0.9302340642324327
diffusion,Diffusion,0,200,January,0.8755119453924914,0.9323005546075085,0.9566926194539249,0.9215017064846416
diffusion,Diffusion,0,200,May,0.8183023872679045,0.9114466435421342,0.8986261307216215,0.8761250538438867
diffusion,Diffusion,0,200,July,0.782895616348456,0.8595457141815441,0.8577348905606261,0.8333920736968755
diffusion,Diffusion,0,200,October,0.863118348473997,0.8975837762448641,0.9535225602171209,0.9047415616453275
diffusion,Diffusion,0,300,Year,0.8728709914665091,0.9379186959896871,0.9764039430863019,0.929064543514166
diffusion,Diffusion,0,300,January,0.852580061884113,0.945211125950108,0.9578737366242931,0.9185549748195047
diffusion,Diffusion,0,300,May,0.8265191508480287,0.921430978321914,0.9215807405743383,0.8898436232480936
diffusion,Diffusion,0,300,July,0.8042720242895773,0.8791807011717824,0.8610583993548081,0.8481703749387227
diffusion,Diffusion,0,300,October,0.832385981639713,0.8697992429335712,0.9272433899299571,0.8764762048344138
diffusion,Diffusion,0,400,Year,0.8822487967940073,0.9400761870673732,0.9710463577852062,0.9311237805488622
diffusion,Diffusion,0,400,January,0.8824672118831434,0.926894841908687,0.9516388692124412,0.9203336410014238
diffusion,Diffusion,0,400,May,0.7946708463949843,0.9211076280041797,0.9320794148380356,0.8826192964123999
diffusion,Diffusion,0,400,July,0.7937184854887422,0.8728531245544221,0.8697292182456868,0.845433609429617
diffusion,Diffusion,0,400,October,0.8544495336215905,0.8566677932784013,0.9419911502705811,0.8843694923901909
diffusion,Diffusion,1,406,Year,0.8844854488880268,0.9535160403778211,0.9703094332832031,0.9361036408496837
diffusion,Diffusion,1,406,January,0.861659532310223,0.8895751163616652,0.899684094435202,0.8836395810356968
diffusion,Diffusion,1,406,May,0.7828277687296417,0.9028018118892508,0.9100162866449512,0.8652152890879479
diffusion,Diffusion,1,406,July,0.8220594220594221,0.9183557183557184,0.9467643467643467,0.8957264957264958
diffusion,Diffusion,1,406,October,0.8405675177917737,0.8723039494327096,0.939828562333735,0.8842333431860728
diffusion,Diffusion,1,100,Year,0.8781086824228779,0.9543240444536882,0.9660702239741351,0.9328343169502338
diffusion,Diffusion,1,100,January,0.8572948863414062,0.9296607848507376,0.897210375992801,0.8947220157283149
diffusion,Diffusion,1,100,May,0.8099275914634146,0.9089176829268293,0.9582698170731707,0.8923716971544714
diffusion,Diffusion,1,100,July,0.8115594329334788,0.8956015994183933,0.9233733187931661,0.8768447837150127
diffusion,Diffusion,1,100,October,0.8276590348389476,0.8938276728689678,0.9476747135182495,0.889720473742055
diffusion,Diffusion,1,200,Year,0.882654807622605,0.9587512101466589,0.9664311643701939,0.9359457273798193
diffusion,Diffusion,1,200,January,0.8734418357506937,0.8916694546671128,0.8940035030405605,0.8863715978194556
diffusion,Diffusion,1,200,May,0.8132440476190477,0.9174107142857143,0.9131324404761905,0.8812624007936508
diffusion,Diffusion,1,200,July,0.7824249378466246,0.9324153757888698,0.9060623446165614,0.8736342194173519
diffusion,Diffusion,1,200,October,0.8487495181733669,0.902745844953858,0.9684601954515566,0.9066518528595938
diffusion,Diffusion,1,300,Year,0.8967697403471755,0.9559292276610916,0.9628038301402769,0.9385009327161814
diffusion,Diffusion,1,300,January,0.8819672131147541,0.9053864168618266,0.863231850117096,0.883528493364559
diffusion,Diffusion,1,300,May,0.7847195263975155,0.9282317546583851,0.9245196040372671,0.8791569616977225
diffusion,Diffusion,1,300,July,0.8042312728275102,0.9287850596099511,0.9299359106884433,0.8876507477086348
diffusion,Diffusion,1,300,October,0.8290281677384295,0.8810931980798841,0.9458020106874377,0.8853077921685837
diffusion,Diffusion,1,400,Year,0.8895973847560321,0.961092807584689,0.9690893957987656,0.939926529379829
diffusion,Diffusion,1,400,January,0.8391100702576113,0.9463700234192037,0.9098360655737705,0.8984387197501951
diffusion,Diffusion,1,400,May,0.7889672256097561,0.9096798780487805,0.8850990853658537,0.8612487296747968
diffusion,Diffusion,1,400,July,0.8158493248045486,0.9263681592039801,0.9192608386638237,0.8871594408907842
diffusion,Diffusion,1,400,October,0.8530531411596436,0.8924414126966663,0.9572890306964462,0.9009278615175854
diffusion,Diffusion,2,406,Year,0.8639689731488444,0.9291727128702982,0.9264800135397967,0.9065405665196464
diffusion,Diffusion,2,406,January,0.7963924963924964,0.8896103896103896,0.8595959595959596,0.8485329485329486
diffusion,Diffusion,2,406,May,0.7360055977608957,0.892842862854858,0.8256697321071571,0.8181727309076369
diffusion,Diffusion,2,406,July,0.68561872909699,0.81438127090301,0.677257525083612,0.7257525083612041
diffusion,Diffusion,2,406,October,0.8248458858214955,0.8876083266327168,0.8699186991869918,0.8607909705470681
diffusion,Diffusion,2,100,Year,0.8632856625548465,0.9299893246300067,0.9164433617539586,0.9032394496462706
diffusion,Diffusion,2,100,January,0.7526917526917527,0.8094128094128095,0.8841713841713842,0.8154253154253155
diffusion,Diffusion,2,100,May,0.7341331623775071,0.8867112372927923,0.8996245077388039,0.8401563024697012
diffusion,Diffusion,2,100,July,0.6396886016451233,0.7724735605170387,0.693448883666275,0.7018703486094791
diffusion,Diffusion,2,100,October,0.7737425176449566,0.8766193156437059,0.8284642187081211,0.8262753506655945
diffusion,Diffusion,2,200,Year,0.8576764557894766,0.9296248129196991,0.9185360949272713,0.9019457878788156
diffusion,Diffusion,2,200,January,0.7069136965510021,0.8108023237556916,0.911498403726383,0.8097381413443588
diffusion,Diffusion,2,200,May,0.7706088992974238,0.8921545667447307,0.8697892271662764,0.844184231069477
diffusion,Diffusion,2,200,July,0.6485507246376812,0.8260869565217391,0.7173913043478262,0.7306763285024155
diffusion,Diffusion,2,200,October,0.8117972669088394,0.8210517211555094,0.8317765092544542,0.821541832439601
diffusion,Diffusion,2,300,Year,0.8671684683313032,0.9421686495852909,0.9188050105852329,0.909380709500609
diffusion,Diffusion,2,300,January,0.8045157456922163,0.8783422459893048,0.8967617349970292,0.8598732422261834
diffusion,Diffusion,2,300,May,0.7620525754195363,0.9143466873605588,0.8905810456882336,0.8556601028227763
diffusion,Diffusion,2,300,July,0.6229619565217391,0.8051630434782608,0.6841032608695652,0.7040760869565217
diffusion,Diffusion,2,300,October,0.810056799198129,0.8359505512863348,0.8439692616104243,0.8299922040316293
diffusion,Diffusion,2,400,Year,0.8545709437358364,0.9221289626532021,0.9303104341886026,0.902336780192547
diffusion,Diffusion,2,400,January,0.7820037105751392,0.8439497010925583,0.8814677386105958,0.8358070500927645
diffusion,Diffusion,2,400,May,0.6715313874450219,0.9050379848060776,0.8881447421031587,0.8215713714514195
diffusion,Diffusion,2,400,July,0.6252860411899313,0.8286613272311213,0.7013729977116705,0.718440122044241
diffusion,Diffusion,2,400,October,0.8271219512195122,0.8178536585365854,0.8253658536585367,0.8234471544715447
diffusion,Diffusion,3,406,Year,0.8946352545602113,0.9293142618076434,0.967571015061571,0.9305068438098085
diffusion,Diffusion,3,406,January,0.8195423188190787,0.8710963578369557,0.8864327572138565,0.8590238112899636
diffusion,Diffusion,3,406,May,0.7200803212851405,0.8837349397590362,0.9010040160642571,0.8349397590361446
diffusion,Diffusion,3,406,July,0.7192721722365039,0.8845597686375322,0.8373634318766067,0.813731790916881
diffusion,Diffusion,3,406,October,0.8096456692913385,0.8582020997375328,0.9385170603674541,0.8687882764654419
diffusion,Diffusion,3,100,Year,0.9012455103387286,0.9205779685840646,0.9574759335998858,0.9264331375075597
diffusion,Diffusion,3,100,January,0.8313190904404605,0.8324073543731028,0.8611795253641865,0.8416353233925834
diffusion,Diffusion,3,100,May,0.6917758369723436,0.92372634643377,0.9272925764192139,0.8475982532751093
diffusion,Diffusion,3,100,July,0.756875,0.88875,0.844375,0.83
diffusion,Diffusion,3,100,October,0.8418988648090815,0.8508255933952529,0.9131836945304438,0.8686360509115927
diffusion,Diffusion,3,200,Year,0.9025812316416952,0.9247710611408684,0.9660315438871473,0.9311279455565703
diffusion,Diffusion,3,200,January,0.8339869281045751,0.8404725992961287,0.9196748784984079,0.8647114686330372
diffusion,Diffusion,3,200,May,0.6573770491803279,0.8961748633879781,0.8959016393442623,0.8164845173041894
diffusion,Diffusion,3,200,July,0.7119092039800995,0.9001865671641791,0.837919776119403,0.816671849087894
diffusion,Diffusion,3,200,October,0.8123115577889448,0.8458542713567839,0.9202261306532663,0.859463986599665
diffusion,Diffusion,3,300,Year,0.9062487654876975,0.9387405367224942,0.970993306375535,0.9386608695285755
diffusion,Diffusion,3,300,January,0.8047595106418636,0.8935310876487347,0.8456008044243338,0.8479638009049774
diffusion,Diffusion,3,300,May,0.6775933609958507,0.8814661134163209,0.8912863070539419,0.8167819271553712
diffusion,Diffusion,3,300,July,0.7740974114441417,0.8625681198910082,0.8329785422343324,0.8232146911898274
diffusion,Diffusion,3,300,October,0.8344410097887687,0.8687145801133436,0.9419757856774859,0.8817104585265327
diffusion,Diffusion,3,400,Year,0.8836736286976592,0.9297287956912889,0.965704320647777,0.9263689150122416
diffusion,Diffusion,3,400,January,0.7825425733651264,0.8918721015377105,0.8331987758397327,0.8358711502475232
diffusion,Diffusion,3,400,May,0.6274550484094052,0.8731673582295989,0.8885892116182572,0.7964038727524204
diffusion,Diffusion,3,400,July,0.7076854066985646,0.8886064593301435,0.8483104066985646,0.8148674242424243
diffusion,Diffusion,3,400,October,0.8254930966469428,0.8564595660749507,0.9410749506903353,0.8743425378040763
ctgan,CTGAN,0,406,Year,0.8629087219464389,0.9476403691525852,0.909562264638571,0.906703785245865
ctgan,CTGAN,0,406,January,0.8094009901247267,0.8975226102721544,0.9382964244341587,0.8817400082770132
ctgan,CTGAN,0,406,May,0.8138017457436695,0.9241638579206637,0.8133696309739866,0.8504450782127733
ctgan,CTGAN,0,406,July,0.7849039360859043,0.8966679280038269,0.8172251058452268,0.8329323233116527
ctgan,CTGAN,0,406,October,0.8251524085617066,0.9059132058220482,0.8716592618142299,0.8675749587326615
ctgan,CTGAN,0,100,Year,0.8580524370220892,0.9485832681123822,0.9015017318575239,0.9027124789973318
ctgan,CTGAN,0,100,January,0.8153999833513693,0.911876023197092,0.945034545908599,0.8907701841523535
ctgan,CTGAN,0,100,May,0.8013927818699346,0.9357060600134716,0.8193186015687808,0.8521391478173955
ctgan,CTGAN,0,100,July,0.7831637244721357,0.9074212530287297,0.772128764278297,0.8209045805930542
ctgan,CTGAN,0,100,October,0.8210921447763553,0.9131341868183973,0.8665560297139244,0.8669274537695589
ctgan,CTGAN,0,200,Year,0.8708084868940783,0.9487791208231307,0.9097435947276077,0.9097770674816056
ctgan,CTGAN,0,200,January,0.8332398639085175,0.9050590993820335,0.9221239457984158,0.886807636362989
ctgan,CTGAN,0,200,May,0.8045977011494252,0.9240435752273117,0.8165637330588438,0.8484016698118602
ctgan,CTGAN,0,200,July,0.7776539924215855,0.9111908838962128,0.7948807878250226,0.8279085547142736
ctgan,CTGAN,0,200,October,0.8298907681181629,0.8908030680635873,0.8636926989657518,0.8614621783825007
ctgan,CTGAN,0,300,Year,0.8740677490302535,0.9485974490230171,0.9094046897962454,0.9106899626165054
ctgan,CTGAN,0,300,January,0.841880435979302,0.9239733568204338,0.9341186832544314,0.899990825351389
ctgan,CTGAN,0,300,May,0.807002937163209,0.9250213927241611,0.8090034459631351,0.8470092586168351
ctgan,CTGAN,0,300,July,0.7794067922690939,0.9311914197221959,0.784465152765192,0.8316877882521606
ctgan,CTGAN,0,300,October,0.8586260679283935,0.8966873850594781,0.8457527294736598,0.8670220608205105
ctgan,CTGAN,0,400,Year,0.8655218125332107,0.9526307474661788,0.9026840848376925,0.9069455482790273
ctgan,CTGAN,0,400,January,0.8007235064221961,0.8957806225169841,0.9308685307005738,0.8757908865465848
ctgan,CTGAN,0,400,May,0.8249914221993481,0.9520286498541773,0.7904443300737691,0.8558214673757648
ctgan,CTGAN,0,400,July,0.766566424159618,0.9159230644627401,0.7931318623273633,0.8252071169832403
ctgan,CTGAN,0,400,October,0.8083861639417195,0.879346012679346,0.8524969413858303,0.846743039335632
ctgan,CTGAN,1,406,Year,0.8943039454096273,0.908046437081647,0.8919671927221556,0.8981058584044767
ctgan,CTGAN,1,406,January,0.7636833390949946,0.8439220538199814,0.8999254016484416,0.835843598187806
ctgan,CTGAN,1,406,May,0.8335906620553359,0.8230247447299077,0.8300292325428195,0.8288815464426876
ctgan,CTGAN,1,406,July,0.7983643164182437,0.8775637804946128,0.8729079439513203,0.8496120136213922
ctgan,CTGAN,1,406,October,0.8537362857298811,0.9321409726897254,0.8525645457688179,0.8794806013961415
ctgan,CTGAN,1,100,Year,0.8938862656226285,0.8943122933185002,0.8896342649343632,0.8926109412918306
ctgan,CTGAN,1,100,January,0.7735653363220181,0.8430256634310355,0.9006211652071501,0.8390707216534011
ctgan,CTGAN,1,100,May,0.8222528260157274,0.8181469118610747,0.80966374508519,0.8166878276539974
ctgan,CTGAN,1,100,July,0.8316939890710382,0.8572209211553474,0.8565964090554254,0.848503773093937
ctgan,CTGAN,1,100,October,0.8046333138804889,0.9414893805153235,0.876789219587246,0.8743039713276861
ctgan,CTGAN,1,200,Year,0.8858001615580801,0.908167664277832,0.885150649134951,0.8930394916569543
ctgan,CTGAN,1,200,January,0.7559325148864221,0.8575865617878409,0.8843012570756451,0.8326067779166361
ctgan,CTGAN,1,200,May,0.8241196065989848,0.8241790926395939,0.8064919098984772,0.8182635363790186
ctgan,CTGAN,1,200,July,0.8142230576441103,0.875344611528822,0.86234335839599,0.8506370091896408
ctgan,CTGAN,1,200,October,0.8327270688075967,0.9481802717909416,0.8672149840177954,0.8827074415387779
ctgan,CTGAN,1,300,Year,0.8989886574225291,0.9016822121186555,0.8966008368546093,0.899090568798598
ctgan,CTGAN,1,300,January,0.7550351288056205,0.8327868852459016,0.9217798594847775,0.8365339578454333
ctgan,CTGAN,1,300,May,0.8039824193017128,0.8418612071805007,0.777050395256917,0.8076313405797101
ctgan,CTGAN,1,300,July,0.7850463033247306,0.8607661555589292,0.8830170537928242,0.8429431708921613
ctgan,CTGAN,1,300,October,0.820999653531246,0.9384780904101095,0.8889695289848465,0.8828157576420673
ctgan,CTGAN,1,400,Year,0.8940191501602588,0.8917774181598086,0.8955295500081354,0.8937753727760676
ctgan,CTGAN,1,400,January,0.779787425689065,0.8073680417942712,0.886705098180508,0.8246201885546146
ctgan,CTGAN,1,400,May,0.8180098684210526,0.8384457236842106,0.823889802631579,0.826781798245614
ctgan,CTGAN,1,400,July,0.8104868913857678,0.8585874799357945,0.8929909042268593,0.8540217585161406
ctgan,CTGAN,1,400,October,0.8333139395598754,0.9341798145042609,0.8788425339676238,0.8821120960105867
ctgan,CTGAN,2,406,Year,0.8452450385979762,0.8994549171841246,0.9113666224487673,0.885355526076956
ctgan,CTGAN,2,406,January,0.7268398268398268,0.7388167388167388,0.8919191919191919,0.7858585858585858
ctgan,CTGAN,2,406,May,0.6431197218082464,0.8297069051167412,0.7887729756582216,0.753866534194403
ctgan,CTGAN,2,406,July,0.7040133779264215,0.8260869565217391,0.7307692307692308,0.7536231884057972
ctgan,CTGAN,2,406,October,0.8445456982042348,0.8935048691146252,0.830742428303404,0.856264331874088
ctgan,CTGAN,2,100,Year,0.8551624205801073,0.9078149452722841,0.9135841064664885,0.8921871574396265
ctgan,CTGAN,2,100,January,0.716006216006216,0.7874347874347875,0.8813408813408814,0.794927294927295
ctgan,CTGAN,2,100,May,0.7013462771316055,0.8228775528894587,0.787892664163385,0.7707054980614831
ctgan,CTGAN,2,100,July,0.689042303172738,0.7853995299647474,0.7310517038777908,0.7351645123384255
ctgan,CTGAN,2,100,October,0.854194585901903,0.8603144822657018,0.8599571160546771,0.8581553947407606
ctgan,CTGAN,2,200,Year,0.8467129040236625,0.8876728849828353,0.8952998730463503,0.8765618873509493
ctgan,CTGAN,2,200,January,0.7198932328466007,0.7669963887580468,0.8511540273198304,0.7793478829748258
ctgan,CTGAN,2,200,May,0.6950819672131148,0.8427400468384075,0.7775175644028103,0.7717798594847776
ctgan,CTGAN,2,200,July,0.6775362318840579,0.822463768115942,0.7391304347826086,0.7463768115942028
ctgan,CTGAN,2,200,October,0.8541774779449922,0.881162428645563,0.7952776336274001,0.8435391800726517
ctgan,CTGAN,2,300,Year,0.8550174803774407,0.8949701483596574,0.9035744702277961,0.8845206996549647
ctgan,CTGAN,2,300,January,0.6850276160620988,0.7559834801214111,0.8768970493108424,0.7726360484981175
ctgan,CTGAN,2,300,May,0.6719371423028421,0.8194781259093995,0.8113299059074595,0.767581724706567
ctgan,CTGAN,2,300,July,0.6945652173913044,0.7989130434782609,0.6942934782608696,0.7292572463768116
ctgan,CTGAN,2,300,October,0.8677748078850651,0.8818910791847645,0.8216672235215503,0.8571110368637932
ctgan,CTGAN,2,400,Year,0.8518355513886475,0.8930292882084245,0.8968637353468554,0.8805761916479758
ctgan,CTGAN,2,400,January,0.6995464852607711,0.7433518862090291,0.9210987425273139,0.7879990379990381
ctgan,CTGAN,2,400,May,0.7070171931227509,0.7250099960015994,0.8393642542982807,0.757130481140877
ctgan,CTGAN,2,400,July,0.6787757437070938,0.8306636155606407,0.7551487414187643,0.754862700228833
ctgan,CTGAN,2,400,October,0.8637073170731707,0.8782439024390244,0.8173658536585366,0.8531056910569106
ctgan,CTGAN,3,406,Year,0.8461530992197597,0.9338188506042895,0.9279854821222611,0.9026524773154367
ctgan,CTGAN,3,406,January,0.7603113420106884,0.8116678770273542,0.9207306854365678,0.8309033014915368
ctgan,CTGAN,3,406,May,0.6473333333333333,0.87,0.8433333333333333,0.7868888888888889
ctgan,CTGAN,3,406,July,0.7404961340206185,0.8553479381443299,0.7614368556701031,0.7857603092783504
ctgan,CTGAN,3,406,October,0.7735266383781235,0.876013672795851,0.8902168788307402,0.8465857300015717
ctgan,CTGAN,3,100,Year,0.8294898691835376,0.934865084579247,0.9173124841337548,0.8938891459655132
ctgan,CTGAN,3,100,January,0.698379059510854,0.8502587013383738,0.8589648127995112,0.8025341912162464
ctgan,CTGAN,3,100,May,0.6508771929824562,0.8649122807017544,0.8605263157894737,0.7921052631578948
ctgan,CTGAN,3,100,July,0.728125,0.89375,0.724375,0.7820833333333335
ctgan,CTGAN,3,100,October,0.8018147086914995,0.8932425978987584,0.868505253104107,0.8545208532314549
ctgan,CTGAN,3,200,Year,0.8298949705597589,0.937020943544892,0.921305961432871,0.8960739585125074
ctgan,CTGAN,3,200,January,0.7055974526562762,0.8515837104072398,0.9146807440925088,0.8239539690520082
ctgan,CTGAN,3,200,May,0.6306010928961749,0.8469945355191257,0.8404371584699454,0.7726775956284153
ctgan,CTGAN,3,200,July,0.691386815920398,0.8879042288557214,0.7678793532338308,0.7823901326699834
ctgan,CTGAN,3,200,October,0.7845341018251681,0.9093900096061479,0.8798751200768492,0.8579330771693884
ctgan,CTGAN,3,300,Year,0.8387467545826908,0.9272822488637852,0.9243067516582021,0.8967785850348927
ctgan,CTGAN,3,300,January,0.7319551211963194,0.8191895574357853,0.880502615687396,0.8105490981065002
ctgan,CTGAN,3,300,May,0.6729598893499309,0.8069156293222683,0.811134163208852,0.7636698939603503
ctgan,CTGAN,3,300,July,0.7217302452316077,0.8536273841961852,0.7430602861035422,0.7728059718437784
ctgan,CTGAN,3,300,October,0.8216216216216217,0.8876126126126126,0.886036036036036,0.8650900900900901
ctgan,CTGAN,3,400,Year,0.8244457615339826,0.9285423605113236,0.9214323130096413,0.891473478351649
ctgan,CTGAN,3,400,January,0.7534313725490196,0.8343325791855204,0.9312594268476622,0.8396744595274006
ctgan,CTGAN,3,400,May,0.6522130013831259,0.83582295988935,0.8526279391424619,0.7802213001383126
ctgan,CTGAN,3,400,July,0.6727721291866029,0.87186004784689,0.740953947368421,0.7618620414673046
ctgan,CTGAN,3,400,October,0.8393123083661849,0.856778361804643,0.8688677179150242,0.8549861293619507
tabddpm,TabDDPM,0,406,Year,0.6295376839736149,0.47664771138249273,0.47161368509368884,0.5259330268165988
tabddpm,TabDDPM,0,406,January,0.6655912528398187,0.4665653495440729,0.46048632218844987,0.5308809748574471
tabddpm,TabDDPM,0,406,May,0.584348803042088,0.49624060150375937,0.4849624060150376,0.5218506035202949
tabddpm,TabDDPM,0,406,July,0.5607333951630162,0.4854961832061069,0.4534351145038168,0.4998882309576467
tabddpm,TabDDPM,0,406,October,0.5623479318734793,0.46806569343065696,0.4726277372262774,0.5010137875101379
tabddpm,TabDDPM,0,100,Year,0.6306203759946696,0.4775158572375272,0.4652087475149106,0.5244483269157024
tabddpm,TabDDPM,0,100,January,0.6536529870418157,0.4666666666666667,0.46341463414634143,0.5279114292849413
tabddpm,TabDDPM,0,100,May,0.59032131661442,0.4867424242424242,0.4564393939393939,0.5111677115987461
tabddpm,TabDDPM,0,100,July,0.5469330437128608,0.4818652849740933,0.45373797187268694,0.49417876685321377
tabddpm,TabDDPM,0,100,October,0.5863751569273041,0.48729184925503943,0.4592462751971954,0.5109710937931796
tabddpm,TabDDPM,0,200,Year,0.6262941218012702,0.4854594443928273,0.45981603642107216,0.5238565342050566
tabddpm,TabDDPM,0,200,January,0.6247066979522184,0.4625,0.49687499999999996,0.5280272326507395
tabddpm,TabDDPM,0,200,May,0.6009392691713844,0.4701492537313433,0.457089552238806,0.5093926917138446
tabddpm,TabDDPM,0,200,July,0.5778587135788895,0.4897058823529412,0.4625,0.510021531977277
tabddpm,TabDDPM,0,200,October,0.5943039814007556,0.49283154121863804,0.4453405017921147,0.5108253414705027
tabddpm,TabDDPM,0,300,Year,0.6320941942236298,0.4739917075009423,0.46381454956652846,0.5233001504303668
tabddpm,TabDDPM,0,300,January,0.6636933713651327,0.45732689210950084,0.47987117552334946,0.5336304796659944
tabddpm,TabDDPM,0,300,May,0.5914905450500556,0.4576612903225806,0.4717741935483871,0.5069753429736744
tabddpm,TabDDPM,0,300,July,0.5693839073935167,0.4663774403470716,0.467823571945047,0.5011949732285451
tabddpm,TabDDPM,0,300,October,0.607235142118863,0.4763135228251507,0.42377260981912146,0.502440424921045
tabddpm,TabDDPM,0,400,Year,0.6272264657455596,0.4820278218653721,0.46736999346466246,0.525541427025198
tabddpm,TabDDPM,0,400,January,0.6587487570879579,0.4598425196850394,0.45354330708661417,0.5240448612865372
tabddpm,TabDDPM,0,400,May,0.6116829644879053,0.4421641791044776,0.47388059701492535,0.5092425802024361
tabddpm,TabDDPM,0,400,July,0.5633131757375848,0.49170437405731526,0.4751131221719457,0.510043557322282
tabddpm,TabDDPM,0,400,October,0.5986241595796785,0.4892915980230642,0.48105436573311366,0.5229900411119521
tabddpm,TabDDPM,1,406,Year,0.5420267274883066,0.4751815378493982,0.4596637819556352,0.49229068243111335
tabddpm,TabDDPM,1,406,January,0.5494073732009543,0.45070422535211263,0.47535211267605637,0.49182123707637454
tabddpm,TabDDPM,1,406,May,0.5003318050193051,0.48391248391248387,0.4362934362934363,0.47351257507507505
tabddpm,TabDDPM,1,406,July,0.49123119236369517,0.48584371460928655,0.4631936579841449,0.4800895216523755
tabddpm,TabDDPM,1,406,October,0.5696947740240921,0.47955801104972373,0.4530386740331491,0.5007638197023216
tabddpm,TabDDPM,1,100,Year,0.5559585890465477,0.47634930260764097,0.46098645643824543,0.49776478269747804
tabddpm,TabDDPM,1,100,January,0.5675486423895403,0.4894327030033371,0.47274749721913234,0.5099096142040033
tabddpm,TabDDPM,1,100,May,0.51154817139738,0.47743813682678315,0.4483260553129549,0.4791041211790394
tabddpm,TabDDPM,1,100,July,0.5134684537430533,0.4679633867276888,0.419908466819222,0.4671134357633213
tabddpm,TabDDPM,1,100,October,0.5627866939571895,0.4714119019836639,0.4714119019836639,0.5018701659748391
tabddpm,TabDDPM,1,200,Year,0.5455323795807396,0.4916846018391704,0.4624339659557817,0.4998836491252306
tabddpm,TabDDPM,1,200,January,0.5645096347425942,0.4982456140350877,0.4444444444444444,0.5023998977407088
tabddpm,TabDDPM,1,200,May,0.4974969660194175,0.4963592233009708,0.4672330097087378,0.4870297330097087
tabddpm,TabDDPM,1,200,July,0.4877078814172089,0.4956616052060737,0.4436008676789588,0.4756567847674138
tabddpm,TabDDPM,1,200,October,0.5701892714655776,0.4763552479815456,0.44867358708189153,0.4984060355096716
tabddpm,TabDDPM,1,300,Year,0.5487146795062997,0.4885970974429855,0.45917662158159744,0.49882946617696095
tabddpm,TabDDPM,1,300,January,0.5813626708784925,0.4950166112956811,0.4396456256921373,0.5053416359554369
tabddpm,TabDDPM,1,300,May,0.4962740384615385,0.4807692307692307,0.47948717948717945,0.48551014957264954
tabddpm,TabDDPM,1,300,July,0.5156766486663393,0.4788087056128293,0.44329896907216493,0.47926144111711116
tabddpm,TabDDPM,1,300,October,0.5693671368661838,0.4767441860465116,0.4593023255813954,0.5018045494980302
tabddpm,TabDDPM,1,400,Year,0.5507172749045509,0.4781843083545294,0.46634709450205436,0.4984162259203783
tabddpm,TabDDPM,1,400,January,0.5632672512390393,0.4651162790697675,0.41744186046511633,0.48194179692464106
tabddpm,TabDDPM,1,400,May,0.5019377460629921,0.4921259842519685,0.4514435695538058,0.4818357666229221
tabddpm,TabDDPM,1,400,July,0.5035303776683087,0.4644396551724138,0.48275862068965514,0.4835762178434592
tabddpm,TabDDPM,1,400,October,0.5748068588656492,0.4781609195402299,0.47931034482758617,0.510759374411155
tabddpm,TabDDPM,2,406,Year,0.6883848964677223,0.47818181818181815,0.46799999999999997,0.5448555715498468
tabddpm,TabDDPM,2,406,January,0.6666666666666666,0.48989898989898994,0.4949494949494949,0.5505050505050505
tabddpm,TabDDPM,2,406,May,0.5719164715066354,0.48809523809523814,0.45833333333333337,0.5061150143117357
tabddpm,TabDDPM,2,406,July,0.4976296898279833,0.4641744548286605,0.4548286604361371,0.4722109350309269
tabddpm,TabDDPM,2,406,October,0.7041730182926829,0.5,0.46875,0.557641006097561
tabddpm,TabDDPM,2,100,Year,0.6965232660612249,0.47719928186714544,0.4491921005385996,0.5409715494889901
tabddpm,TabDDPM,2,100,January,0.7052591128678085,0.4619565217391305,0.40217391304347827,0.5231298492168058
tabddpm,TabDDPM,2,100,May,0.6471194379391101,0.4571428571428572,0.4228571428571428,0.50903981264637
tabddpm,TabDDPM,2,100,July,0.5568197209806313,0.485981308411215,0.4610591900311527,0.5012867398076662
tabddpm,TabDDPM,2,100,October,0.6866976893453145,0.4703947368421053,0.45723684210526316,0.538109756097561
tabddpm,TabDDPM,2,200,Year,0.6927638701911091,0.47807017543859653,0.45577485380116955,0.5422029664769584
tabddpm,TabDDPM,2,200,January,0.6308943089430894,0.46341463414634143,0.4585365853658536,0.5176151761517614
tabddpm,TabDDPM,2,200,May,0.5502543810062182,0.46896551724137936,0.4275862068965517,0.4822687017147164
tabddpm,TabDDPM,2,200,July,0.5140579710144928,0.47,0.45666666666666667,0.48024154589371976
tabddpm,TabDDPM,2,200,October,0.7050004371011452,0.4838709677419355,0.4659498207885304,0.551607075210537
tabddpm,TabDDPM,2,300,Year,0.6898855366017485,0.4868701206529453,0.4563520227111426,0.5443692266552788
tabddpm,TabDDPM,2,300,January,0.642512077294686,0.4879227053140096,0.4975845410628019,0.5426731078904992
tabddpm,TabDDPM,2,300,May,0.5778389374177337,0.43065693430656937,0.4963503649635036,0.501615412229269
tabddpm,TabDDPM,2,300,July,0.5711937845510233,0.45360824742268047,0.45360824742268047,0.4928034264654615
tabddpm,TabDDPM,2,300,October,0.690144350423096,0.4931972789115646,0.47959183673469385,0.5543111553564515
tabddpm,TabDDPM,2,400,Year,0.6911085855714783,0.4789884715507624,0.45667534399404985,0.5422574670387635
tabddpm,TabDDPM,2,400,January,0.6464646464646464,0.47619047619047616,0.47619047619047616,0.532948532948533
tabddpm,TabDDPM,2,400,May,0.5861469981543805,0.45033112582781454,0.4105960264900662,0.48235805015742034
tabddpm,TabDDPM,2,400,July,0.5323806628154455,0.4755244755244755,0.4405594405594405,0.4828215262997871
tabddpm,TabDDPM,2,400,October,0.687436723423838,0.4981132075471698,0.4641509433962264,0.5499002914557448
tabddpm,TabDDPM,3,406,Year,0.6465323970809965,0.4728877679697352,0.46258932324506097,0.5273364960985975
tabddpm,TabDDPM,3,406,January,0.6480114312931651,0.4898785425101214,0.4898785425101214,0.5425895054378026
tabddpm,TabDDPM,3,406,May,0.5918032786885246,0.4508196721311475,0.5,0.514207650273224
tabddpm,TabDDPM,3,406,July,0.5564355022831051,0.49543378995433784,0.4337899543378996,0.49521974885844755
tabddpm,TabDDPM,3,406,October,0.6559336823734729,0.4829842931937173,0.4973821989528796,0.5454333915066899
tabddpm,TabDDPM,3,100,Year,0.6471107694901908,0.4891097483611757,0.4656375555085642,0.5339526911199769
tabddpm,TabDDPM,3,100,January,0.6018937489525726,0.46759259259259256,0.4907407407407407,0.520075694095302
tabddpm,TabDDPM,3,100,May,0.5689964157706093,0.4659498207885304,0.45878136200716846,0.4979091995221028
tabddpm,TabDDPM,3,100,July,0.5606617647058822,0.4901960784313726,0.4632352941176471,0.5046977124183006
tabddpm,TabDDPM,3,100,October,0.6623430962343095,0.4755927475592747,0.4630404463040446,0.5336587633658763
tabddpm,TabDDPM,3,200,Year,0.6397849537287574,0.4808565866320571,0.4646333549643089,0.5284249651083744
tabddpm,TabDDPM,3,200,January,0.6004162895927602,0.41200000000000003,0.472,0.4948054298642534
tabddpm,TabDDPM,3,200,May,0.5952380952380952,0.4841269841269841,0.4920634920634921,0.5238095238095238
tabddpm,TabDDPM,3,200,July,0.536520190023753,0.4465558194774347,0.4465558194774347,0.4765439429928741
tabddpm,TabDDPM,3,200,October,0.6771419009370817,0.45515394912985274,0.48058902275769744,0.537628290941544
tabddpm,TabDDPM,3,300,Year,0.6457895284388757,0.4855087793526549,0.4611804527184261,0.5308262535033189
tabddpm,TabDDPM,3,300,January,0.6441982628595204,0.46360153256704983,0.4367816091954023,0.5148604682073242
tabddpm,TabDDPM,3,300,May,0.6342975206611571,0.4504132231404959,0.47107438016528924,0.518595041322314
tabddpm,TabDDPM,3,300,July,0.5597508351893097,0.46325167037861914,0.4788418708240535,0.5006147921306607
tabddpm,TabDDPM,3,300,October,0.6546228710462287,0.4919708029197081,0.4832116788321168,0.5432684509326845
tabddpm,TabDDPM,3,400,Year,0.649851489928267,0.4681440443213296,0.46878329426805876,0.5289262761725518
tabddpm,TabDDPM,3,400,January,0.6224923776047229,0.45064377682403434,0.45493562231759654,0.5093572589154512
tabddpm,TabDDPM,3,400,May,0.528,0.46399999999999997,0.476,0.48933333333333334
tabddpm,TabDDPM,3,400,July,0.5516826923076924,0.4807692307692307,0.47596153846153844,0.5028044871794872
tabddpm,TabDDPM,3,400,October,0.7084474885844749,0.4986301369863013,0.4616438356164384,0.5562404870624049
