model,model_label,location,seed,median_nn_distance,very_close_rate_percent,rounded_duplicate_rate_percent,n,very_close_threshold
held_out_real,Held-out real,all,baseline,0.1406377101125647,1.0084233005101437,0.023727607070826908,8429,0.005007543328331734
diffusion,Diffusion,all,406,0.23505669813913105,0.07498660953401179,0.0,18670,0.005007543328331734
diffusion,Diffusion,all,100,0.23431188542907358,0.08749384808880625,0.0,18287,0.005007543328331734
diffusion,Diffusion,all,200,0.2365579793229545,0.06974248927038626,0.0,18640,0.005007543328331734
diffusion,Diffusion,all,300,0.23304340753173736,0.06477033518648459,0.0,18527,0.005007543328331734
diffusion,Diffusion,all,400,0.23568072064392148,0.0587481307412946,0.0,18724,0.005007543328331734
ctgan,CTGAN,all,406,0.20799284823168954,0.16616581226798657,0.0,28285,0.005007543328331734
ctgan,CTGAN,all,100,0.2055814847469785,0.09736747205192932,0.0,27730,0.005007543328331734
ctgan,CTGAN,all,200,0.208055333402368,0.11943654055573119,0.0,28467,0.005007543328331734
ctgan,CTGAN,all,300,0.20704819460982923,0.11750044507744348,0.0,28085,0.005007543328331734
ctgan,CTGAN,all,400,0.20849937762522777,0.1515098129029985,0.0,28381,0.005007543328331734
tabddpm,TabDDPM,all,406,3.319484544686283,0.0,0.0,28288,0.005007543328331734
tabddpm,TabDDPM,all,100,3.290276635109551,0.0,0.0,27971,0.005007543328331734
tabddpm,TabDDPM,all,200,3.2903349649888463,0.0,0.0,28344,0.005007543328331734
tabddpm,TabDDPM,all,300,3.1476132586714654,0.0,0.0,28286,0.005007543328331734
tabddpm,TabDDPM,all,400,3.4775241258046705,0.0,0.0,28315,0.005007543328331734
