location_group,variable,model,bin,mean_percent,sd_percent,q90,q95,q99
1,connection_time,CTGAN,>P99,0.846901263511894,0.04737746023586693,21.249832,28.81333199999999,63.478663599999955
1,connection_time,CTGAN,P90-P95,5.273687824643868,0.04913697374489146,21.249832,28.81333199999999,63.478663599999955
1,connection_time,CTGAN,P95-P99,3.885068052971055,0.10677363647563155,21.249832,28.81333199999999,63.478663599999955
1,connection_time,Diffusion,>P99,0.9397919102616031,0.0989385393384883,21.249832,28.81333199999999,63.478663599999955
1,connection_time,Diffusion,P90-P95,7.992146752353842,0.45296509274396995,21.249832,28.81333199999999,63.478663599999955
1,connection_time,Diffusion,P95-P99,5.9499310634723175,0.4607721918497582,21.249832,28.81333199999999,63.478663599999955
1,connection_time,TabDDPM,>P99,47.90909922811848,0.45488449489560745,21.249832,28.81333199999999,63.478663599999955
1,connection_time,TabDDPM,P90-P95,0.0,0.0,21.249832,28.81333199999999,63.478663599999955
1,connection_time,TabDDPM,P95-P99,0.00185821796896776,0.004155101695623506,21.249832,28.81333199999999,63.478663599999955
1,energy_session,CTGAN,>P99,0.4456171548190289,0.11627755377516645,27.282000000000007,39.859999999999985,59.10119999999999
1,energy_session,CTGAN,P90-P95,5.374445515695408,0.2099588815920145,27.282000000000007,39.859999999999985,59.10119999999999
1,energy_session,CTGAN,P95-P99,2.7374070915034103,0.08812379756205839,27.282000000000007,39.859999999999985,59.10119999999999
1,energy_session,Diffusion,>P99,0.6926408222047579,0.0897451539876312,27.282000000000007,39.859999999999985,59.10119999999999
1,energy_session,Diffusion,P90-P95,6.435511105095706,0.37474860091734724,27.282000000000007,39.859999999999985,59.10119999999999
1,energy_session,Diffusion,P95-P99,2.4206387729491547,0.12489844725549569,27.282000000000007,39.859999999999985,59.10119999999999
1,energy_session,TabDDPM,>P99,46.55273478396157,0.4382569887982626,27.282000000000007,39.859999999999985,59.10119999999999
1,energy_session,TabDDPM,P90-P95,0.0,0.0,27.282000000000007,39.859999999999985,59.10119999999999
1,energy_session,TabDDPM,P95-P99,0.0037254572556823526,0.005101317367395057,27.282000000000007,39.859999999999985,59.10119999999999
2,connection_time,CTGAN,>P99,0.8189422942544194,0.04066044634575288,22.511669000000005,36.253329999999984,68.33283289999994
2,connection_time,CTGAN,P90-P95,3.326717547932796,0.1817424134030365,22.511669000000005,36.253329999999984,68.33283289999994
2,connection_time,CTGAN,P95-P99,1.8253379601259598,0.19387103544946477,22.511669000000005,36.253329999999984,68.33283289999994
2,connection_time,Diffusion,>P99,0.7878277619192796,0.11721685854749599,22.511669000000005,36.253329999999984,68.33283289999994
2,connection_time,Diffusion,P90-P95,8.428331730080174,0.13993821630530728,22.511669000000005,36.253329999999984,68.33283289999994
2,connection_time,Diffusion,P95-P99,3.4462381008328924,0.09399790473075936,22.511669000000005,36.253329999999984,68.33283289999994
2,connection_time,TabDDPM,>P99,48.199936961874485,0.7587728832152675,22.511669000000005,36.253329999999984,68.33283289999994
2,connection_time,TabDDPM,P90-P95,0.0,0.0,22.511669000000005,36.253329999999984,68.33283289999994
2,connection_time,TabDDPM,P95-P99,0.0,0.0,22.511669000000005,36.253329999999984,68.33283289999994
2,energy_session,CTGAN,>P99,0.49522016035822575,0.09092686245596295,27.302000000000017,36.903999999999996,54.50279999999995
2,energy_session,CTGAN,P90-P95,5.166545690995944,0.1741421709922043,27.302000000000017,36.903999999999996,54.50279999999995
2,energy_session,CTGAN,P95-P99,2.5708288907360077,0.16253497574569958,27.302000000000017,36.903999999999996,54.50279999999995
2,energy_session,Diffusion,>P99,0.9441939797974228,0.11927851411467444,27.302000000000017,36.903999999999996,54.50279999999995
2,energy_session,Diffusion,P90-P95,5.908979153926272,0.2146270893866276,27.302000000000017,36.903999999999996,54.50279999999995
2,energy_session,Diffusion,P95-P99,3.3537547437157214,0.21351324162643603,27.302000000000017,36.903999999999996,54.50279999999995
2,energy_session,TabDDPM,>P99,46.17016895278246,0.28970647851585013,27.302000000000017,36.903999999999996,54.50279999999995
2,energy_session,TabDDPM,P90-P95,0.0,0.0,27.302000000000017,36.903999999999996,54.50279999999995
2,energy_session,TabDDPM,P95-P99,0.001989455883815776,0.004448558594449,27.302000000000017,36.903999999999996,54.50279999999995
3,connection_time,CTGAN,>P99,0.6026333542804043,0.24631373158519418,40.65,62.3,90.10999799999996
3,connection_time,CTGAN,P90-P95,3.689371925967989,0.40445388979836405,40.65,62.3,90.10999799999996
3,connection_time,CTGAN,P95-P99,1.5795764294729633,0.20024532049136093,40.65,62.3,90.10999799999996
3,connection_time,Diffusion,>P99,0.7763794580549652,0.1462243058812383,40.65,62.3,90.10999799999996
3,connection_time,Diffusion,P90-P95,4.036600229105442,0.31776973520024926,40.65,62.3,90.10999799999996
3,connection_time,Diffusion,P95-P99,1.6826145968939514,0.18981138611763804,40.65,62.3,90.10999799999996
3,connection_time,TabDDPM,>P99,47.978924626552626,0.4010244299998397,40.65,62.3,90.10999799999996
3,connection_time,TabDDPM,P90-P95,0.0,0.0,40.65,62.3,90.10999799999996
3,connection_time,TabDDPM,P95-P99,0.007272727272727273,0.016262312563634834,40.65,62.3,90.10999799999996
3,energy_session,CTGAN,>P99,1.7036134965793803,0.3845274865058994,28.88,35.08,48.796
3,energy_session,CTGAN,P90-P95,4.748763958978552,0.48027944386265853,28.88,35.08,48.796
3,energy_session,CTGAN,P95-P99,3.2136025259843093,0.2149492059132071,28.88,35.08,48.796
3,energy_session,Diffusion,>P99,1.6215879984326549,0.46167174466895955,28.88,35.08,48.796
3,energy_session,Diffusion,P90-P95,3.626245765351281,0.36988448554628056,28.88,35.08,48.796
3,energy_session,Diffusion,P95-P99,3.4545404641753557,0.29928325727442256,28.88,35.08,48.796
3,energy_session,TabDDPM,>P99,45.719886420899236,0.6778492059979666,28.88,35.08,48.796
3,energy_session,TabDDPM,P90-P95,0.0,0.0,28.88,35.08,48.796
3,energy_session,TabDDPM,P95-P99,0.0,0.0,28.88,35.08,48.796
4,connection_time,CTGAN,>P99,1.1519848751240802,0.04812642916943642,38.540000000000006,50.973330000000004,87.14600319999983
4,connection_time,CTGAN,P90-P95,4.4219834401651905,0.5960778448997528,38.540000000000006,50.973330000000004,87.14600319999983
4,connection_time,CTGAN,P95-P99,3.970777817779377,0.23584943124966765,38.540000000000006,50.973330000000004,87.14600319999983
4,connection_time,Diffusion,>P99,0.8024671153784398,0.10920940720267579,38.540000000000006,50.973330000000004,87.14600319999983
4,connection_time,Diffusion,P90-P95,3.6520143986416342,0.39595286756227394,38.540000000000006,50.973330000000004,87.14600319999983
4,connection_time,Diffusion,P95-P99,3.222612777810171,0.2352103181786334,38.540000000000006,50.973330000000004,87.14600319999983
4,connection_time,TabDDPM,>P99,47.93013853273906,0.8700217282076851,38.540000000000006,50.973330000000004,87.14600319999983
4,connection_time,TabDDPM,P90-P95,0.0,0.0,38.540000000000006,50.973330000000004,87.14600319999983
4,connection_time,TabDDPM,P95-P99,0.0,0.0,38.540000000000006,50.973330000000004,87.14600319999983
4,energy_session,CTGAN,>P99,0.6505354436852839,0.17541779225288137,32.264,41.438,56.51359999999999
4,energy_session,CTGAN,P90-P95,4.256457490652384,0.3183362145880329,32.264,41.438,56.51359999999999
4,energy_session,CTGAN,P95-P99,2.867177073353786,0.11999324310281667,32.264,41.438,56.51359999999999
4,energy_session,Diffusion,>P99,1.3635993115240166,0.25880203797724743,32.264,41.438,56.51359999999999
4,energy_session,Diffusion,P90-P95,4.53118294381518,0.33256980585561996,32.264,41.438,56.51359999999999
4,energy_session,Diffusion,P95-P99,3.1887377538937267,0.5874333096978478,32.264,41.438,56.51359999999999
4,energy_session,TabDDPM,>P99,46.45647961408838,0.29286307801367917,32.264,41.438,56.51359999999999
4,energy_session,TabDDPM,P90-P95,0.0,0.0,32.264,41.438,56.51359999999999
4,energy_session,TabDDPM,P95-P99,0.0,0.0,32.264,41.438,56.51359999999999
