location_group,variable,model,seed,bin,percent,covered,q90,q95,q99
1,connection_time,Diffusion,406,P90-P95,8.278472679394339,1,21.249832,28.81333199999999,63.478663599999955
1,connection_time,Diffusion,406,P95-P99,5.266622778143516,1,21.249832,28.81333199999999,63.478663599999955
1,connection_time,Diffusion,406,>P99,1.0368663594470047,1,21.249832,28.81333199999999,63.478663599999955
1,connection_time,Diffusion,100,P90-P95,8.062913907284768,1,21.249832,28.81333199999999,63.478663599999955
1,connection_time,Diffusion,100,P95-P99,6.225165562913907,1,21.249832,28.81333199999999,63.478663599999955
1,connection_time,Diffusion,100,>P99,0.9271523178807948,1,21.249832,28.81333199999999,63.478663599999955
1,connection_time,Diffusion,200,P90-P95,7.563301545544229,1,21.249832,28.81333199999999,63.478663599999955
1,connection_time,Diffusion,200,P95-P99,6.478132193357449,1,21.249832,28.81333199999999,63.478663599999955
1,connection_time,Diffusion,200,>P99,0.9700756330154554,1,21.249832,28.81333199999999,63.478663599999955
1,connection_time,Diffusion,300,P90-P95,8.551108170691366,1,21.249832,28.81333199999999,63.478663599999955
1,connection_time,Diffusion,300,P95-P99,5.7889513728084685,1,21.249832,28.81333199999999,63.478663599999955
1,connection_time,Diffusion,300,>P99,0.7773734700628514,1,21.249832,28.81333199999999,63.478663599999955
1,connection_time,Diffusion,400,P90-P95,7.504937458854509,1,21.249832,28.81333199999999,63.478663599999955
1,connection_time,Diffusion,400,P95-P99,5.990783410138248,1,21.249832,28.81333199999999,63.478663599999955
1,connection_time,Diffusion,400,>P99,0.9874917709019092,1,21.249832,28.81333199999999,63.478663599999955
1,connection_time,CTGAN,406,P90-P95,5.332338957770113,1,21.249832,28.81333199999999,63.478663599999955
1,connection_time,CTGAN,406,P95-P99,3.9992542183275845,1,21.249832,28.81333199999999,63.478663599999955
1,connection_time,CTGAN,406,>P99,0.7923930269413629,1,21.249832,28.81333199999999,63.478663599999955
1,connection_time,CTGAN,100,P90-P95,5.197387105935814,1,21.249832,28.81333199999999,63.478663599999955
1,connection_time,CTGAN,100,P95-P99,3.7773359840954273,1,21.249832,28.81333199999999,63.478663599999955
1,connection_time,CTGAN,100,>P99,0.83309665814636,1,21.249832,28.81333199999999,63.478663599999955
1,connection_time,CTGAN,200,P90-P95,5.2866301217132765,1,21.249832,28.81333199999999,63.478663599999955
1,connection_time,CTGAN,200,P95-P99,3.9115488246771344,1,21.249832,28.81333199999999,63.478663599999955
1,connection_time,CTGAN,200,>P99,0.8176159063458144,1,21.249832,28.81333199999999,63.478663599999955
1,connection_time,CTGAN,300,P90-P95,5.286468149264983,1,21.249832,28.81333199999999,63.478663599999955
1,connection_time,CTGAN,300,P95-P99,3.769317753486619,1,21.249832,28.81333199999999,63.478663599999955
1,connection_time,CTGAN,300,>P99,0.8857896720693554,1,21.249832,28.81333199999999,63.478663599999955
1,connection_time,CTGAN,400,P90-P95,5.265614788535151,1,21.249832,28.81333199999999,63.478663599999955
1,connection_time,CTGAN,400,P95-P99,3.9678834842685093,1,21.249832,28.81333199999999,63.478663599999955
1,connection_time,CTGAN,400,>P99,0.9056110540565774,1,21.249832,28.81333199999999,63.478663599999955
1,connection_time,TabDDPM,406,P90-P95,0.0,0,21.249832,28.81333199999999,63.478663599999955
1,connection_time,TabDDPM,406,P95-P99,0.0,0,21.249832,28.81333199999999,63.478663599999955
1,connection_time,TabDDPM,406,>P99,47.66477113824928,1,21.249832,28.81333199999999,63.478663599999955
1,connection_time,TabDDPM,100,P90-P95,0.0,0,21.249832,28.81333199999999,63.478663599999955
1,connection_time,TabDDPM,100,P95-P99,0.0,0,21.249832,28.81333199999999,63.478663599999955
1,connection_time,TabDDPM,100,>P99,47.74211871627379,1,21.249832,28.81333199999999,63.478663599999955
1,connection_time,TabDDPM,200,P90-P95,0.0,0,21.249832,28.81333199999999,63.478663599999955
1,connection_time,TabDDPM,200,P95-P99,0.0092910898448388,1,21.249832,28.81333199999999,63.478663599999955
1,connection_time,TabDDPM,200,>P99,48.53665334943789,1,21.249832,28.81333199999999,63.478663599999955
1,connection_time,TabDDPM,300,P90-P95,0.0,0,21.249832,28.81333199999999,63.478663599999955
1,connection_time,TabDDPM,300,P95-P99,0.0,0,21.249832,28.81333199999999,63.478663599999955
1,connection_time,TabDDPM,300,>P99,47.399170750094235,1,21.249832,28.81333199999999,63.478663599999955
1,connection_time,TabDDPM,400,P90-P95,0.0,0,21.249832,28.81333199999999,63.478663599999955
1,connection_time,TabDDPM,400,P95-P99,0.0,0,21.249832,28.81333199999999,63.478663599999955
1,connection_time,TabDDPM,400,>P99,48.202782186537206,1,21.249832,28.81333199999999,63.478663599999955
1,energy_session,Diffusion,406,P90-P95,6.385780118499013,1,27.282000000000007,39.859999999999985,59.10119999999999
1,energy_session,Diffusion,406,P95-P99,2.6168531928900594,1,27.282000000000007,39.859999999999985,59.10119999999999
1,energy_session,Diffusion,406,>P99,0.5595786701777485,1,27.282000000000007,39.859999999999985,59.10119999999999
1,energy_session,Diffusion,100,P90-P95,7.0198675496688745,1,27.282000000000007,39.859999999999985,59.10119999999999
1,energy_session,Diffusion,100,P95-P99,2.3013245033112586,1,27.282000000000007,39.859999999999985,59.10119999999999
1,energy_session,Diffusion,100,>P99,0.7615894039735099,1,27.282000000000007,39.859999999999985,59.10119999999999
1,energy_session,Diffusion,200,P90-P95,6.23150279513318,1,27.282000000000007,39.859999999999985,59.10119999999999
1,energy_session,Diffusion,200,P95-P99,2.4662939822426835,1,27.282000000000007,39.859999999999985,59.10119999999999
1,energy_session,Diffusion,200,>P99,0.7234462347911871,1,27.282000000000007,39.859999999999985,59.10119999999999
1,energy_session,Diffusion,300,P90-P95,6.516705259675819,1,27.282000000000007,39.859999999999985,59.10119999999999
1,energy_session,Diffusion,300,P95-P99,2.3652001323188885,1,27.282000000000007,39.859999999999985,59.10119999999999
1,energy_session,Diffusion,300,>P99,0.6450545815415151,1,27.282000000000007,39.859999999999985,59.10119999999999
1,energy_session,Diffusion,400,P90-P95,6.023699802501646,1,27.282000000000007,39.859999999999985,59.10119999999999
1,energy_session,Diffusion,400,P95-P99,2.3535220539828834,1,27.282000000000007,39.859999999999985,59.10119999999999
1,energy_session,Diffusion,400,>P99,0.7735352205398288,1,27.282000000000007,39.859999999999985,59.10119999999999
1,energy_session,CTGAN,406,P90-P95,5.304372145054535,1,27.282000000000007,39.859999999999985,59.10119999999999
1,energy_session,CTGAN,406,P95-P99,2.675491749790249,1,27.282000000000007,39.859999999999985,59.10119999999999
1,energy_session,CTGAN,406,>P99,0.34492402349212264,1,27.282000000000007,39.859999999999985,59.10119999999999
1,energy_session,CTGAN,100,P90-P95,5.083783016188582,1,27.282000000000007,39.859999999999985,59.10119999999999
1,energy_session,CTGAN,100,P95-P99,2.698097131496734,1,27.282000000000007,39.859999999999985,59.10119999999999
1,energy_session,CTGAN,100,>P99,0.4260153365521159,1,27.282000000000007,39.859999999999985,59.10119999999999
1,energy_session,CTGAN,200,P90-P95,5.3702499303168265,1,27.282000000000007,39.859999999999985,59.10119999999999
1,energy_session,CTGAN,200,P95-P99,2.7129982346929293,1,27.282000000000007,39.859999999999985,59.10119999999999
1,energy_session,CTGAN,200,>P99,0.5017188516212951,1,27.282000000000007,39.859999999999985,59.10119999999999
1,energy_session,CTGAN,300,P90-P95,5.45608744817188,1,27.282000000000007,39.859999999999985,59.10119999999999
1,energy_session,CTGAN,300,P95-P99,2.89295137580098,1,27.282000000000007,39.859999999999985,59.10119999999999
1,energy_session,CTGAN,300,>P99,0.3392385978137957,1,27.282000000000007,39.859999999999985,59.10119999999999
1,energy_session,CTGAN,400,P90-P95,5.657735038745216,1,27.282000000000007,39.859999999999985,59.10119999999999
1,energy_session,CTGAN,400,P95-P99,2.707496965736159,1,27.282000000000007,39.859999999999985,59.10119999999999
1,energy_session,CTGAN,400,>P99,0.6161889646158155,1,27.282000000000007,39.859999999999985,59.10119999999999
1,energy_session,TabDDPM,406,P90-P95,0.0,0,27.282000000000007,39.859999999999985,59.10119999999999
1,energy_session,TabDDPM,406,P95-P99,0.0,0,27.282000000000007,39.859999999999985,59.10119999999999
1,energy_session,TabDDPM,406,>P99,47.161368509368884,1,27.282000000000007,39.859999999999985,59.10119999999999
1,energy_session,TabDDPM,100,P90-P95,0.0,0,27.282000000000007,39.859999999999985,59.10119999999999
1,energy_session,TabDDPM,100,P95-P99,0.0,0,27.282000000000007,39.859999999999985,59.10119999999999
1,energy_session,TabDDPM,100,>P99,46.52087475149106,1,27.282000000000007,39.859999999999985,59.10119999999999
1,energy_session,TabDDPM,200,P90-P95,0.0,0,27.282000000000007,39.859999999999985,59.10119999999999
1,energy_session,TabDDPM,200,P95-P99,0.0092910898448388,1,27.282000000000007,39.859999999999985,59.10119999999999
1,energy_session,TabDDPM,200,>P99,45.97231255226238,1,27.282000000000007,39.859999999999985,59.10119999999999
1,energy_session,TabDDPM,300,P90-P95,0.0,0,27.282000000000007,39.859999999999985,59.10119999999999
1,energy_session,TabDDPM,300,P95-P99,0.0,0,27.282000000000007,39.859999999999985,59.10119999999999
1,energy_session,TabDDPM,300,>P99,46.381454956652846,1,27.282000000000007,39.859999999999985,59.10119999999999
1,energy_session,TabDDPM,400,P90-P95,0.0,0,27.282000000000007,39.859999999999985,59.10119999999999
1,energy_session,TabDDPM,400,P95-P99,0.009336196433572962,1,27.282000000000007,39.859999999999985,59.10119999999999
1,energy_session,TabDDPM,400,>P99,46.727663150032676,1,27.282000000000007,39.859999999999985,59.10119999999999
2,connection_time,Diffusion,406,P90-P95,8.266709306044131,1,22.511669000000005,36.253329999999984,68.33283289999994
2,connection_time,Diffusion,406,P95-P99,3.5817077070674768,1,22.511669000000005,36.253329999999984,68.33283289999994
2,connection_time,Diffusion,406,>P99,0.9114166933162776,1,22.511669000000005,36.253329999999984,68.33283289999994
2,connection_time,Diffusion,100,P90-P95,8.490878938640133,1,22.511669000000005,36.253329999999984,68.33283289999994
2,connection_time,Diffusion,100,P95-P99,3.482587064676617,1,22.511669000000005,36.253329999999984,68.33283289999994
2,connection_time,Diffusion,100,>P99,0.6799336650082919,1,22.511669000000005,36.253329999999984,68.33283289999994
2,connection_time,Diffusion,200,P90-P95,8.629605688429217,1,22.511669000000005,36.253329999999984,68.33283289999994
2,connection_time,Diffusion,200,P95-P99,3.3290239172592115,1,22.511669000000005,36.253329999999984,68.33283289999994
2,connection_time,Diffusion,200,>P99,0.6464124111182934,1,22.511669000000005,36.253329999999984,68.33283289999994
2,connection_time,Diffusion,300,P90-P95,8.413032906467823,1,22.511669000000005,36.253329999999984,68.33283289999994
2,connection_time,Diffusion,300,P95-P99,3.404117360998541,1,22.511669000000005,36.253329999999984,68.33283289999994
2,connection_time,Diffusion,300,>P99,0.859134381585346,1,22.511669000000005,36.253329999999984,68.33283289999994
2,connection_time,Diffusion,400,P90-P95,8.341431810819566,1,22.511669000000005,36.253329999999984,68.33283289999994
2,connection_time,Diffusion,400,P95-P99,3.4337544541626173,1,22.511669000000005,36.253329999999984,68.33283289999994
2,connection_time,Diffusion,400,>P99,0.8422416585681892,1,22.511669000000005,36.253329999999984,68.33283289999994
2,connection_time,CTGAN,406,P90-P95,3.311649911295092,1,22.511669000000005,36.253329999999984,68.33283289999994
2,connection_time,CTGAN,406,P95-P99,1.7445298639858071,1,22.511669000000005,36.253329999999984,68.33283289999994
2,connection_time,CTGAN,406,>P99,0.808200275970826,1,22.511669000000005,36.253329999999984,68.33283289999994
2,connection_time,CTGAN,100,P90-P95,3.2287266143633073,1,22.511669000000005,36.253329999999984,68.33283289999994
2,connection_time,CTGAN,100,P95-P99,1.7099175216254276,1,22.511669000000005,36.253329999999984,68.33283289999994
2,connection_time,CTGAN,100,>P99,0.7644337155501911,1,22.511669000000005,36.253329999999984,68.33283289999994
2,connection_time,CTGAN,200,P90-P95,3.638681836014123,1,22.511669000000005,36.253329999999984,68.33283289999994
2,connection_time,CTGAN,200,P95-P99,2.157708905453119,1,22.511669000000005,36.253329999999984,68.33283289999994
2,connection_time,CTGAN,200,>P99,0.8140447234209494,1,22.511669000000005,36.253329999999984,68.33283289999994
2,connection_time,CTGAN,300,P90-P95,3.2781984854523714,1,22.511669000000005,36.253329999999984,68.33283289999994
2,connection_time,CTGAN,300,P95-P99,1.6839378238341969,1,22.511669000000005,36.253329999999984,68.33283289999994
2,connection_time,CTGAN,300,>P99,0.876843363889996,1,22.511669000000005,36.253329999999984,68.33283289999994
2,connection_time,CTGAN,400,P90-P95,3.176330892539086,1,22.511669000000005,36.253329999999984,68.33283289999994
2,connection_time,CTGAN,400,P95-P99,1.8305956857312486,1,22.511669000000005,36.253329999999984,68.33283289999994
2,connection_time,CTGAN,400,>P99,0.8311893924401346,1,22.511669000000005,36.253329999999984,68.33283289999994
2,connection_time,TabDDPM,406,P90-P95,0.0,0,22.511669000000005,36.253329999999984,68.33283289999994
2,connection_time,TabDDPM,406,P95-P99,0.0,0,22.511669000000005,36.253329999999984,68.33283289999994
2,connection_time,TabDDPM,406,>P99,47.51815378493982,1,22.511669000000005,36.253329999999984,68.33283289999994
2,connection_time,TabDDPM,100,P90-P95,0.0,0,22.511669000000005,36.253329999999984,68.33283289999994
2,connection_time,TabDDPM,100,P95-P99,0.0,0,22.511669000000005,36.253329999999984,68.33283289999994
2,connection_time,TabDDPM,100,>P99,47.634930260764094,1,22.511669000000005,36.253329999999984,68.33283289999994
2,connection_time,TabDDPM,200,P90-P95,0.0,0,22.511669000000005,36.253329999999984,68.33283289999994
2,connection_time,TabDDPM,200,P95-P99,0.0,0,22.511669000000005,36.253329999999984,68.33283289999994
2,connection_time,TabDDPM,200,>P99,49.16846018391704,1,22.511669000000005,36.253329999999984,68.33283289999994
2,connection_time,TabDDPM,300,P90-P95,0.0,0,22.511669000000005,36.253329999999984,68.33283289999994
2,connection_time,TabDDPM,300,P95-P99,0.0,0,22.511669000000005,36.253329999999984,68.33283289999994
2,connection_time,TabDDPM,300,>P99,48.85970974429855,1,22.511669000000005,36.253329999999984,68.33283289999994
2,connection_time,TabDDPM,400,P90-P95,0.0,0,22.511669000000005,36.253329999999984,68.33283289999994
2,connection_time,TabDDPM,400,P95-P99,0.0,0,22.511669000000005,36.253329999999984,68.33283289999994
2,connection_time,TabDDPM,400,>P99,47.81843083545294,1,22.511669000000005,36.253329999999984,68.33283289999994
2,energy_session,Diffusion,406,P90-P95,5.7243364246882,1,27.302000000000017,36.903999999999996,54.50279999999995
2,energy_session,Diffusion,406,P95-P99,3.613687240166293,1,27.302000000000017,36.903999999999996,54.50279999999995
2,energy_session,Diffusion,406,>P99,0.8794371602174608,1,27.302000000000017,36.903999999999996,54.50279999999995
2,energy_session,Diffusion,100,P90-P95,5.737976782752902,1,27.302000000000017,36.903999999999996,54.50279999999995
2,energy_session,Diffusion,100,P95-P99,3.101160862354892,1,27.302000000000017,36.903999999999996,54.50279999999995
2,energy_session,Diffusion,100,>P99,0.8955223880597015,1,27.302000000000017,36.903999999999996,54.50279999999995
2,energy_session,Diffusion,200,P90-P95,6.254040077569489,1,27.302000000000017,36.903999999999996,54.50279999999995
2,energy_session,Diffusion,200,P95-P99,3.183581124757595,1,27.302000000000017,36.903999999999996,54.50279999999995
2,energy_session,Diffusion,200,>P99,1.098901098901099,1,27.302000000000017,36.903999999999996,54.50279999999995
2,energy_session,Diffusion,300,P90-P95,5.88426000972605,1,27.302000000000017,36.903999999999996,54.50279999999995
2,energy_session,Diffusion,300,P95-P99,3.501377857027071,1,27.302000000000017,36.903999999999996,54.50279999999995
2,energy_session,Diffusion,300,>P99,0.8105041335710812,1,27.302000000000017,36.903999999999996,54.50279999999995
2,energy_session,Diffusion,400,P90-P95,5.94428247489472,1,27.302000000000017,36.903999999999996,54.50279999999995
2,energy_session,Diffusion,400,P95-P99,3.368966634272757,1,27.302000000000017,36.903999999999996,54.50279999999995
2,energy_session,Diffusion,400,>P99,1.0366051182377714,1,27.302000000000017,36.903999999999996,54.50279999999995
2,energy_session,CTGAN,406,P90-P95,5.2040212891780016,1,27.302000000000017,36.903999999999996,54.50279999999995
2,energy_session,CTGAN,406,P95-P99,2.6512911492213678,1,27.302000000000017,36.903999999999996,54.50279999999995
2,energy_session,CTGAN,406,>P99,0.6209343583678296,1,27.302000000000017,36.903999999999996,54.50279999999995
2,energy_session,CTGAN,100,P90-P95,5.119694226513779,1,27.302000000000017,36.903999999999996,54.50279999999995
2,energy_session,CTGAN,100,P95-P99,2.665459666063166,1,27.302000000000017,36.903999999999996,54.50279999999995
2,energy_session,CTGAN,100,>P99,0.38221685777509556,1,27.302000000000017,36.903999999999996,54.50279999999995
2,energy_session,CTGAN,200,P90-P95,4.894076108277757,1,27.302000000000017,36.903999999999996,54.50279999999995
2,energy_session,CTGAN,200,P95-P99,2.4323264025107885,1,27.302000000000017,36.903999999999996,54.50279999999995
2,energy_session,CTGAN,200,>P99,0.5394272263632798,1,27.302000000000017,36.903999999999996,54.50279999999995
2,energy_session,CTGAN,300,P90-P95,5.350737345555999,1,27.302000000000017,36.903999999999996,54.50279999999995
2,energy_session,CTGAN,300,P95-P99,2.740135512156238,1,27.302000000000017,36.903999999999996,54.50279999999995
2,energy_session,CTGAN,300,>P99,0.48824232762056596,1,27.302000000000017,36.903999999999996,54.50279999999995
2,energy_session,CTGAN,400,P90-P95,5.264199485454186,1,27.302000000000017,36.903999999999996,54.50279999999995
2,energy_session,CTGAN,400,P95-P99,2.3649317237284784,1,27.302000000000017,36.903999999999996,54.50279999999995
2,energy_session,CTGAN,400,>P99,0.4452800316643578,1,27.302000000000017,36.903999999999996,54.50279999999995
2,energy_session,TabDDPM,406,P90-P95,0.0,0,27.302000000000017,36.903999999999996,54.50279999999995
2,energy_session,TabDDPM,406,P95-P99,0.00994727941907888,1,27.302000000000017,36.903999999999996,54.50279999999995
2,energy_session,TabDDPM,406,>P99,45.956430916144434,1,27.302000000000017,36.903999999999996,54.50279999999995
2,energy_session,TabDDPM,100,P90-P95,0.0,0,27.302000000000017,36.903999999999996,54.50279999999995
2,energy_session,TabDDPM,100,P95-P99,0.0,0,27.302000000000017,36.903999999999996,54.50279999999995
2,energy_session,TabDDPM,100,>P99,46.09864564382454,1,27.302000000000017,36.903999999999996,54.50279999999995
2,energy_session,TabDDPM,200,P90-P95,0.0,0,27.302000000000017,36.903999999999996,54.50279999999995
2,energy_session,TabDDPM,200,P95-P99,0.0,0,27.302000000000017,36.903999999999996,54.50279999999995
2,energy_session,TabDDPM,200,>P99,46.24339659557816,1,27.302000000000017,36.903999999999996,54.50279999999995
2,energy_session,TabDDPM,300,P90-P95,0.0,0,27.302000000000017,36.903999999999996,54.50279999999995
2,energy_session,TabDDPM,300,P95-P99,0.0,0,27.302000000000017,36.903999999999996,54.50279999999995
2,energy_session,TabDDPM,300,>P99,45.917662158159736,1,27.302000000000017,36.903999999999996,54.50279999999995
2,energy_session,TabDDPM,400,P90-P95,0.0,0,27.302000000000017,36.903999999999996,54.50279999999995
2,energy_session,TabDDPM,400,P95-P99,0.0,0,27.302000000000017,36.903999999999996,54.50279999999995
2,energy_session,TabDDPM,400,>P99,46.63470945020544,1,27.302000000000017,36.903999999999996,54.50279999999995
3,connection_time,Diffusion,406,P90-P95,3.8724373576309796,1,40.65,62.3,90.10999799999996
3,connection_time,Diffusion,406,P95-P99,1.9362186788154898,1,40.65,62.3,90.10999799999996
3,connection_time,Diffusion,406,>P99,0.759301442672741,1,40.65,62.3,90.10999799999996
3,connection_time,Diffusion,100,P90-P95,3.6293436293436296,1,40.65,62.3,90.10999799999996
3,connection_time,Diffusion,100,P95-P99,1.7374517374517375,1,40.65,62.3,90.10999799999996
3,connection_time,Diffusion,100,>P99,0.6949806949806949,1,40.65,62.3,90.10999799999996
3,connection_time,Diffusion,200,P90-P95,4.100827689992475,1,40.65,62.3,90.10999799999996
3,connection_time,Diffusion,200,P95-P99,1.6930022573363432,1,40.65,62.3,90.10999799999996
3,connection_time,Diffusion,200,>P99,1.0158013544018059,1,40.65,62.3,90.10999799999996
3,connection_time,Diffusion,300,P90-P95,4.092261904761905,1,40.65,62.3,90.10999799999996
3,connection_time,Diffusion,300,P95-P99,1.636904761904762,1,40.65,62.3,90.10999799999996
3,connection_time,Diffusion,300,>P99,0.78125,1,40.65,62.3,90.10999799999996
3,connection_time,Diffusion,400,P90-P95,4.48813056379822,1,40.65,62.3,90.10999799999996
3,connection_time,Diffusion,400,P95-P99,1.4094955489614243,1,40.65,62.3,90.10999799999996
3,connection_time,Diffusion,400,>P99,0.6305637982195845,1,40.65,62.3,90.10999799999996
3,connection_time,CTGAN,406,P90-P95,3.8604305864884925,1,40.65,62.3,90.10999799999996
3,connection_time,CTGAN,406,P95-P99,1.8188567186340014,1,40.65,62.3,90.10999799999996
3,connection_time,CTGAN,406,>P99,0.3711952487008166,1,40.65,62.3,90.10999799999996
3,connection_time,CTGAN,100,P90-P95,3.313023610053313,1,40.65,62.3,90.10999799999996
3,connection_time,CTGAN,100,P95-P99,1.6374714394516376,1,40.65,62.3,90.10999799999996
3,connection_time,CTGAN,100,>P99,0.8758568164508759,1,40.65,62.3,90.10999799999996
3,connection_time,CTGAN,200,P90-P95,4.119577105359095,1,40.65,62.3,90.10999799999996
3,connection_time,CTGAN,200,P95-P99,1.6769959897921984,1,40.65,62.3,90.10999799999996
3,connection_time,CTGAN,200,>P99,0.32810791104629966,1,40.65,62.3,90.10999799999996
3,connection_time,CTGAN,300,P90-P95,3.2074126870990733,1,40.65,62.3,90.10999799999996
3,connection_time,CTGAN,300,P95-P99,1.4611546685673558,1,40.65,62.3,90.10999799999996
3,connection_time,CTGAN,300,>P99,0.6414825374198148,1,40.65,62.3,90.10999799999996
3,connection_time,CTGAN,400,P90-P95,3.946415640839971,1,40.65,62.3,90.10999799999996
3,connection_time,CTGAN,400,P95-P99,1.3034033309196236,1,40.65,62.3,90.10999799999996
3,connection_time,CTGAN,400,>P99,0.7965242577842143,1,40.65,62.3,90.10999799999996
3,connection_time,TabDDPM,406,P90-P95,0.0,0,40.65,62.3,90.10999799999996
3,connection_time,TabDDPM,406,P95-P99,0.03636363636363636,1,40.65,62.3,90.10999799999996
3,connection_time,TabDDPM,406,>P99,47.78181818181818,1,40.65,62.3,90.10999799999996
3,connection_time,TabDDPM,100,P90-P95,0.0,0,40.65,62.3,90.10999799999996
3,connection_time,TabDDPM,100,P95-P99,0.0,0,40.65,62.3,90.10999799999996
3,connection_time,TabDDPM,100,>P99,47.71992818671455,1,40.65,62.3,90.10999799999996
3,connection_time,TabDDPM,200,P90-P95,0.0,0,40.65,62.3,90.10999799999996
3,connection_time,TabDDPM,200,P95-P99,0.0,0,40.65,62.3,90.10999799999996
3,connection_time,TabDDPM,200,>P99,47.80701754385965,1,40.65,62.3,90.10999799999996
3,connection_time,TabDDPM,300,P90-P95,0.0,0,40.65,62.3,90.10999799999996
3,connection_time,TabDDPM,300,P95-P99,0.0,0,40.65,62.3,90.10999799999996
3,connection_time,TabDDPM,300,>P99,48.68701206529453,1,40.65,62.3,90.10999799999996
3,connection_time,TabDDPM,400,P90-P95,0.0,0,40.65,62.3,90.10999799999996
3,connection_time,TabDDPM,400,P95-P99,0.0,0,40.65,62.3,90.10999799999996
3,connection_time,TabDDPM,400,>P99,47.89884715507623,1,40.65,62.3,90.10999799999996
3,energy_session,Diffusion,406,P90-P95,3.530751708428246,1,28.88,35.08,48.796
3,energy_session,Diffusion,406,P95-P99,3.1131359149582387,1,28.88,35.08,48.796
3,energy_session,Diffusion,406,>P99,1.632498101746393,1,28.88,35.08,48.796
3,energy_session,Diffusion,100,P90-P95,3.8223938223938223,1,28.88,35.08,48.796
3,energy_session,Diffusion,100,P95-P99,3.861003861003861,1,28.88,35.08,48.796
3,energy_session,Diffusion,100,>P99,1.4671814671814671,1,28.88,35.08,48.796
3,energy_session,Diffusion,200,P90-P95,3.2731376975169297,1,28.88,35.08,48.796
3,energy_session,Diffusion,200,P95-P99,3.611738148984198,1,28.88,35.08,48.796
3,energy_session,Diffusion,200,>P99,2.3702031602708806,1,28.88,35.08,48.796
3,energy_session,Diffusion,300,P90-P95,4.166666666666666,1,28.88,35.08,48.796
3,energy_session,Diffusion,300,P95-P99,3.459821428571429,1,28.88,35.08,48.796
3,energy_session,Diffusion,300,>P99,1.525297619047619,1,28.88,35.08,48.796
3,energy_session,Diffusion,400,P90-P95,3.3382789317507418,1,28.88,35.08,48.796
3,energy_session,Diffusion,400,P95-P99,3.2270029673590503,1,28.88,35.08,48.796
3,energy_session,Diffusion,400,>P99,1.112759643916914,1,28.88,35.08,48.796
3,energy_session,CTGAN,406,P90-P95,4.7512991833704525,1,28.88,35.08,48.796
3,energy_session,CTGAN,406,P95-P99,3.3778767631774316,1,28.88,35.08,48.796
3,energy_session,CTGAN,406,>P99,1.1507052709725316,1,28.88,35.08,48.796
3,energy_session,CTGAN,100,P90-P95,4.112718964204113,1,28.88,35.08,48.796
3,energy_session,CTGAN,100,P95-P99,3.0464584920030466,1,28.88,35.08,48.796
3,energy_session,CTGAN,100,>P99,1.4470677837014472,1,28.88,35.08,48.796
3,energy_session,CTGAN,200,P90-P95,5.030987969376595,1,28.88,35.08,48.796
3,energy_session,CTGAN,200,P95-P99,3.3904484141450966,1,28.88,35.08,48.796
3,energy_session,CTGAN,200,>P99,2.005103900838498,1,28.88,35.08,48.796
3,energy_session,CTGAN,300,P90-P95,4.490377761938703,1,28.88,35.08,48.796
3,energy_session,CTGAN,300,P95-P99,2.9223093371347115,1,28.88,35.08,48.796
3,energy_session,CTGAN,300,>P99,1.9600855310049892,1,28.88,35.08,48.796
3,energy_session,CTGAN,400,P90-P95,5.358435916002897,1,28.88,35.08,48.796
3,energy_session,CTGAN,400,P95-P99,3.33091962346126,1,28.88,35.08,48.796
3,energy_session,CTGAN,400,>P99,1.9551049963794351,1,28.88,35.08,48.796
3,energy_session,TabDDPM,406,P90-P95,0.0,0,28.88,35.08,48.796
3,energy_session,TabDDPM,406,P95-P99,0.0,0,28.88,35.08,48.796
3,energy_session,TabDDPM,406,>P99,46.800000000000004,1,28.88,35.08,48.796
3,energy_session,TabDDPM,100,P90-P95,0.0,0,28.88,35.08,48.796
3,energy_session,TabDDPM,100,P95-P99,0.0,0,28.88,35.08,48.796
3,energy_session,TabDDPM,100,>P99,44.91921005385996,1,28.88,35.08,48.796
3,energy_session,TabDDPM,200,P90-P95,0.0,0,28.88,35.08,48.796
3,energy_session,TabDDPM,200,P95-P99,0.0,0,28.88,35.08,48.796
3,energy_session,TabDDPM,200,>P99,45.57748538011696,1,28.88,35.08,48.796
3,energy_session,TabDDPM,300,P90-P95,0.0,0,28.88,35.08,48.796
3,energy_session,TabDDPM,300,P95-P99,0.0,0,28.88,35.08,48.796
3,energy_session,TabDDPM,300,>P99,45.63520227111427,1,28.88,35.08,48.796
3,energy_session,TabDDPM,400,P90-P95,0.0,0,28.88,35.08,48.796
3,energy_session,TabDDPM,400,P95-P99,0.0,0,28.88,35.08,48.796
3,energy_session,TabDDPM,400,>P99,45.667534399404985,1,28.88,35.08,48.796
4,connection_time,Diffusion,406,P90-P95,3.7506745817593092,1,38.540000000000006,50.973330000000004,87.14600319999983
4,connection_time,Diffusion,406,P95-P99,3.3189422558014035,1,38.540000000000006,50.973330000000004,87.14600319999983
4,connection_time,Diffusion,406,>P99,0.8904479222881814,1,38.540000000000006,50.973330000000004,87.14600319999983
4,connection_time,Diffusion,100,P90-P95,3.997794320374966,1,38.540000000000006,50.973330000000004,87.14600319999983
4,connection_time,Diffusion,100,P95-P99,3.225806451612903,1,38.540000000000006,50.973330000000004,87.14600319999983
4,connection_time,Diffusion,100,>P99,0.9098428453267163,1,38.540000000000006,50.973330000000004,87.14600319999983
4,connection_time,Diffusion,200,P90-P95,3.0441810344827585,1,38.540000000000006,50.973330000000004,87.14600319999983
4,connection_time,Diffusion,200,P95-P99,3.0441810344827585,1,38.540000000000006,50.973330000000004,87.14600319999983
4,connection_time,Diffusion,200,>P99,0.8351293103448275,1,38.540000000000006,50.973330000000004,87.14600319999983
4,connection_time,Diffusion,300,P90-P95,3.9735099337748347,1,38.540000000000006,50.973330000000004,87.14600319999983
4,connection_time,Diffusion,300,P95-P99,3.5596026490066226,1,38.540000000000006,50.973330000000004,87.14600319999983
4,connection_time,Diffusion,300,>P99,0.6622516556291391,1,38.540000000000006,50.973330000000004,87.14600319999983
4,connection_time,Diffusion,400,P90-P95,3.4939121228163046,1,38.540000000000006,50.973330000000004,87.14600319999983
4,connection_time,Diffusion,400,P95-P99,2.9645314981471675,1,38.540000000000006,50.973330000000004,87.14600319999983
4,connection_time,Diffusion,400,>P99,0.7146638433033351,1,38.540000000000006,50.973330000000004,87.14600319999983
4,connection_time,CTGAN,406,P90-P95,4.76896990250106,1,38.540000000000006,50.973330000000004,87.14600319999983
4,connection_time,CTGAN,406,P95-P99,4.005934718100891,1,38.540000000000006,50.973330000000004,87.14600319999983
4,connection_time,CTGAN,406,>P99,1.1021619330224672,1,38.540000000000006,50.973330000000004,87.14600319999983
4,connection_time,CTGAN,100,P90-P95,4.848880191345945,1,38.540000000000006,50.973330000000004,87.14600319999983
4,connection_time,CTGAN,100,P95-P99,4.131332898456186,1,38.540000000000006,50.973330000000004,87.14600319999983
4,connection_time,CTGAN,100,>P99,1.1306805827353772,1,38.540000000000006,50.973330000000004,87.14600319999983
4,connection_time,CTGAN,200,P90-P95,3.8195173137460654,1,38.540000000000006,50.973330000000004,87.14600319999983
4,connection_time,CTGAN,200,P95-P99,3.8614900314795384,1,38.540000000000006,50.973330000000004,87.14600319999983
4,connection_time,CTGAN,200,>P99,1.217208814270724,1,38.540000000000006,50.973330000000004,87.14600319999983
4,connection_time,CTGAN,300,P90-P95,4.944936298855539,1,38.540000000000006,50.973330000000004,87.14600319999983
4,connection_time,CTGAN,300,P95-P99,3.627726193046858,1,38.540000000000006,50.973330000000004,87.14600319999983
4,connection_time,CTGAN,300,>P99,1.1228676311811703,1,38.540000000000006,50.973330000000004,87.14600319999983
4,connection_time,CTGAN,400,P90-P95,3.727613494377343,1,38.540000000000006,50.973330000000004,87.14600319999983
4,connection_time,CTGAN,400,P95-P99,4.227405247813411,1,38.540000000000006,50.973330000000004,87.14600319999983
4,connection_time,CTGAN,400,>P99,1.1870054144106623,1,38.540000000000006,50.973330000000004,87.14600319999983
4,connection_time,TabDDPM,406,P90-P95,0.0,0,38.540000000000006,50.973330000000004,87.14600319999983
4,connection_time,TabDDPM,406,P95-P99,0.0,0,38.540000000000006,50.973330000000004,87.14600319999983
4,connection_time,TabDDPM,406,>P99,47.28877679697352,1,38.540000000000006,50.973330000000004,87.14600319999983
4,connection_time,TabDDPM,100,P90-P95,0.0,0,38.540000000000006,50.973330000000004,87.14600319999983
4,connection_time,TabDDPM,100,P95-P99,0.0,0,38.540000000000006,50.973330000000004,87.14600319999983
4,connection_time,TabDDPM,100,>P99,48.910974836117575,1,38.540000000000006,50.973330000000004,87.14600319999983
4,connection_time,TabDDPM,200,P90-P95,0.0,0,38.540000000000006,50.973330000000004,87.14600319999983
4,connection_time,TabDDPM,200,P95-P99,0.0,0,38.540000000000006,50.973330000000004,87.14600319999983
4,connection_time,TabDDPM,200,>P99,48.08565866320571,1,38.540000000000006,50.973330000000004,87.14600319999983
4,connection_time,TabDDPM,300,P90-P95,0.0,0,38.540000000000006,50.973330000000004,87.14600319999983
4,connection_time,TabDDPM,300,P95-P99,0.0,0,38.540000000000006,50.973330000000004,87.14600319999983
4,connection_time,TabDDPM,300,>P99,48.5508779352655,1,38.540000000000006,50.973330000000004,87.14600319999983
4,connection_time,TabDDPM,400,P90-P95,0.0,0,38.540000000000006,50.973330000000004,87.14600319999983
4,connection_time,TabDDPM,400,P95-P99,0.0,0,38.540000000000006,50.973330000000004,87.14600319999983
4,connection_time,TabDDPM,400,>P99,46.81440443213297,1,38.540000000000006,50.973330000000004,87.14600319999983
4,energy_session,Diffusion,406,P90-P95,4.614139233675122,1,32.264,41.438,56.51359999999999
4,energy_session,Diffusion,406,P95-P99,2.5634106853750676,1,32.264,41.438,56.51359999999999
4,energy_session,Diffusion,406,>P99,1.4031300593631948,1,32.264,41.438,56.51359999999999
4,energy_session,Diffusion,100,P90-P95,4.85249517507582,1,32.264,41.438,56.51359999999999
4,energy_session,Diffusion,100,P95-P99,3.859939343810312,1,32.264,41.438,56.51359999999999
4,energy_session,Diffusion,100,>P99,0.9925558312655087,1,32.264,41.438,56.51359999999999
4,energy_session,Diffusion,200,P90-P95,4.741379310344827,1,32.264,41.438,56.51359999999999
4,energy_session,Diffusion,200,P95-P99,3.7446120689655173,1,32.264,41.438,56.51359999999999
4,energy_session,Diffusion,200,>P99,1.697198275862069,1,32.264,41.438,56.51359999999999
4,energy_session,Diffusion,300,P90-P95,4.0011037527593825,1,32.264,41.438,56.51359999999999
4,energy_session,Diffusion,300,P95-P99,2.7317880794701987,1,32.264,41.438,56.51359999999999
4,energy_session,Diffusion,300,>P99,1.2693156732891833,1,32.264,41.438,56.51359999999999
4,energy_session,Diffusion,400,P90-P95,4.4467972472207515,1,32.264,41.438,56.51359999999999
4,energy_session,Diffusion,400,P95-P99,3.0439385918475383,1,32.264,41.438,56.51359999999999
4,energy_session,Diffusion,400,>P99,1.4557967178401272,1,32.264,41.438,56.51359999999999
4,energy_session,CTGAN,406,P90-P95,4.451038575667656,1,32.264,41.438,56.51359999999999
4,energy_session,CTGAN,406,P95-P99,2.8189910979228485,1,32.264,41.438,56.51359999999999
4,energy_session,CTGAN,406,>P99,0.8054260279779568,1,32.264,41.438,56.51359999999999
4,energy_session,CTGAN,100,P90-P95,4.5662100456621,1,32.264,41.438,56.51359999999999
4,energy_session,CTGAN,100,P95-P99,2.913676886279626,1,32.264,41.438,56.51359999999999
4,energy_session,CTGAN,100,>P99,0.4348771472059143,1,32.264,41.438,56.51359999999999
4,energy_session,CTGAN,200,P90-P95,4.176285414480588,1,32.264,41.438,56.51359999999999
4,energy_session,CTGAN,200,P95-P99,2.6862539349422874,1,32.264,41.438,56.51359999999999
4,energy_session,CTGAN,200,>P99,0.5246589716684155,1,32.264,41.438,56.51359999999999
4,energy_session,CTGAN,300,P90-P95,4.3403152666810625,1,32.264,41.438,56.51359999999999
4,energy_session,CTGAN,300,P95-P99,3.001511552580436,1,32.264,41.438,56.51359999999999
4,energy_session,CTGAN,300,>P99,0.8421507233858778,1,32.264,41.438,56.51359999999999
4,energy_session,CTGAN,400,P90-P95,3.7484381507705127,1,32.264,41.438,56.51359999999999
4,energy_session,CTGAN,400,P95-P99,2.9154518950437316,1,32.264,41.438,56.51359999999999
4,energy_session,CTGAN,400,>P99,0.6455643481882549,1,32.264,41.438,56.51359999999999
4,energy_session,TabDDPM,406,P90-P95,0.0,0,32.264,41.438,56.51359999999999
4,energy_session,TabDDPM,406,P95-P99,0.0,0,32.264,41.438,56.51359999999999
4,energy_session,TabDDPM,406,>P99,46.2589323245061,1,32.264,41.438,56.51359999999999
4,energy_session,TabDDPM,100,P90-P95,0.0,0,32.264,41.438,56.51359999999999
4,energy_session,TabDDPM,100,P95-P99,0.0,0,32.264,41.438,56.51359999999999
4,energy_session,TabDDPM,100,>P99,46.56375555085642,1,32.264,41.438,56.51359999999999
4,energy_session,TabDDPM,200,P90-P95,0.0,0,32.264,41.438,56.51359999999999
4,energy_session,TabDDPM,200,P95-P99,0.0,0,32.264,41.438,56.51359999999999
4,energy_session,TabDDPM,200,>P99,46.463335496430894,1,32.264,41.438,56.51359999999999
4,energy_session,TabDDPM,300,P90-P95,0.0,0,32.264,41.438,56.51359999999999
4,energy_session,TabDDPM,300,P95-P99,0.0,0,32.264,41.438,56.51359999999999
4,energy_session,TabDDPM,300,>P99,46.118045271842604,1,32.264,41.438,56.51359999999999
4,energy_session,TabDDPM,400,P90-P95,0.0,0,32.264,41.438,56.51359999999999
4,energy_session,TabDDPM,400,P95-P99,0.0,0,32.264,41.438,56.51359999999999
4,energy_session,TabDDPM,400,>P99,46.878329426805884,1,32.264,41.438,56.51359999999999
