location_group,variable,model,seed,bin,covered
1,connection_time,Diffusion,406,P90-P95,1
1,connection_time,Diffusion,406,P95-P99,1
1,connection_time,Diffusion,406,>P99,1
1,connection_time,Diffusion,100,P90-P95,1
1,connection_time,Diffusion,100,P95-P99,1
1,connection_time,Diffusion,100,>P99,1
1,connection_time,Diffusion,200,P90-P95,1
1,connection_time,Diffusion,200,P95-P99,1
1,connection_time,Diffusion,200,>P99,1
1,connection_time,Diffusion,300,P90-P95,1
1,connection_time,Diffusion,300,P95-P99,1
1,connection_time,Diffusion,300,>P99,1
1,connection_time,Diffusion,400,P90-P95,1
1,connection_time,Diffusion,400,P95-P99,1
1,connection_time,Diffusion,400,>P99,1
1,connection_time,CTGAN,406,P90-P95,1
1,connection_time,CTGAN,406,P95-P99,1
1,connection_time,CTGAN,406,>P99,1
1,connection_time,CTGAN,100,P90-P95,1
1,connection_time,CTGAN,100,P95-P99,1
1,connection_time,CTGAN,100,>P99,1
1,connection_time,CTGAN,200,P90-P95,1
1,connection_time,CTGAN,200,P95-P99,1
1,connection_time,CTGAN,200,>P99,1
1,connection_time,CTGAN,300,P90-P95,1
1,connection_time,CTGAN,300,P95-P99,1
1,connection_time,CTGAN,300,>P99,1
1,connection_time,CTGAN,400,P90-P95,1
1,connection_time,CTGAN,400,P95-P99,1
1,connection_time,CTGAN,400,>P99,1
1,connection_time,TabDDPM,406,P90-P95,0
1,connection_time,TabDDPM,406,P95-P99,0
1,connection_time,TabDDPM,406,>P99,1
1,connection_time,TabDDPM,100,P90-P95,0
1,connection_time,TabDDPM,100,P95-P99,0
1,connection_time,TabDDPM,100,>P99,1
1,connection_time,TabDDPM,200,P90-P95,0
1,connection_time,TabDDPM,200,P95-P99,1
1,connection_time,TabDDPM,200,>P99,1
1,connection_time,TabDDPM,300,P90-P95,0
1,connection_time,TabDDPM,300,P95-P99,0
1,connection_time,TabDDPM,300,>P99,1
1,connection_time,TabDDPM,400,P90-P95,0
1,connection_time,TabDDPM,400,P95-P99,0
1,connection_time,TabDDPM,400,>P99,1
1,energy_session,Diffusion,406,P90-P95,1
1,energy_session,Diffusion,406,P95-P99,1
1,energy_session,Diffusion,406,>P99,1
1,energy_session,Diffusion,100,P90-P95,1
1,energy_session,Diffusion,100,P95-P99,1
1,energy_session,Diffusion,100,>P99,1
1,energy_session,Diffusion,200,P90-P95,1
1,energy_session,Diffusion,200,P95-P99,1
1,energy_session,Diffusion,200,>P99,1
1,energy_session,Diffusion,300,P90-P95,1
1,energy_session,Diffusion,300,P95-P99,1
1,energy_session,Diffusion,300,>P99,1
1,energy_session,Diffusion,400,P90-P95,1
1,energy_session,Diffusion,400,P95-P99,1
1,energy_session,Diffusion,400,>P99,1
1,energy_session,CTGAN,406,P90-P95,1
1,energy_session,CTGAN,406,P95-P99,1
1,energy_session,CTGAN,406,>P99,1
1,energy_session,CTGAN,100,P90-P95,1
1,energy_session,CTGAN,100,P95-P99,1
1,energy_session,CTGAN,100,>P99,1
1,energy_session,CTGAN,200,P90-P95,1
1,energy_session,CTGAN,200,P95-P99,1
1,energy_session,CTGAN,200,>P99,1
1,energy_session,CTGAN,300,P90-P95,1
1,energy_session,CTGAN,300,P95-P99,1
1,energy_session,CTGAN,300,>P99,1
1,energy_session,CTGAN,400,P90-P95,1
1,energy_session,CTGAN,400,P95-P99,1
1,energy_session,CTGAN,400,>P99,1
1,energy_session,TabDDPM,406,P90-P95,0
1,energy_session,TabDDPM,406,P95-P99,0
1,energy_session,TabDDPM,406,>P99,1
1,energy_session,TabDDPM,100,P90-P95,0
1,energy_session,TabDDPM,100,P95-P99,0
1,energy_session,TabDDPM,100,>P99,1
1,energy_session,TabDDPM,200,P90-P95,0
1,energy_session,TabDDPM,200,P95-P99,1
1,energy_session,TabDDPM,200,>P99,1
1,energy_session,TabDDPM,300,P90-P95,0
1,energy_session,TabDDPM,300,P95-P99,0
1,energy_session,TabDDPM,300,>P99,1
1,energy_session,TabDDPM,400,P90-P95,0
1,energy_session,TabDDPM,400,P95-P99,1
1,energy_session,TabDDPM,400,>P99,1
2,connection_time,Diffusion,406,P90-P95,1
2,connection_time,Diffusion,406,P95-P99,1
2,connection_time,Diffusion,406,>P99,1
2,connection_time,Diffusion,100,P90-P95,1
2,connection_time,Diffusion,100,P95-P99,1
2,connection_time,Diffusion,100,>P99,1
2,connection_time,Diffusion,200,P90-P95,1
2,connection_time,Diffusion,200,P95-P99,1
2,connection_time,Diffusion,200,>P99,1
2,connection_time,Diffusion,300,P90-P95,1
2,connection_time,Diffusion,300,P95-P99,1
2,connection_time,Diffusion,300,>P99,1
2,connection_time,Diffusion,400,P90-P95,1
2,connection_time,Diffusion,400,P95-P99,1
2,connection_time,Diffusion,400,>P99,1
2,connection_time,CTGAN,406,P90-P95,1
2,connection_time,CTGAN,406,P95-P99,1
2,connection_time,CTGAN,406,>P99,1
2,connection_time,CTGAN,100,P90-P95,1
2,connection_time,CTGAN,100,P95-P99,1
2,connection_time,CTGAN,100,>P99,1
2,connection_time,CTGAN,200,P90-P95,1
2,connection_time,CTGAN,200,P95-P99,1
2,connection_time,CTGAN,200,>P99,1
2,connection_time,CTGAN,300,P90-P95,1
2,connection_time,CTGAN,300,P95-P99,1
2,connection_time,CTGAN,300,>P99,1
2,connection_time,CTGAN,400,P90-P95,1
2,connection_time,CTGAN,400,P95-P99,1
2,connection_time,CTGAN,400,>P99,1
2,connection_time,TabDDPM,406,P90-P95,0
2,connection_time,TabDDPM,406,P95-P99,0
2,connection_time,TabDDPM,406,>P99,1
2,connection_time,TabDDPM,100,P90-P95,0
2,connection_time,TabDDPM,100,P95-P99,0
2,connection_time,TabDDPM,100,>P99,1
2,connection_time,TabDDPM,200,P90-P95,0
2,connection_time,TabDDPM,200,P95-P99,0
2,connection_time,TabDDPM,200,>P99,1
2,connection_time,TabDDPM,300,P90-P95,0
2,connection_time,TabDDPM,300,P95-P99,0
2,connection_time,TabDDPM,300,>P99,1
2,connection_time,TabDDPM,400,P90-P95,0
2,connection_time,TabDDPM,400,P95-P99,0
2,connection_time,TabDDPM,400,>P99,1
2,energy_session,Diffusion,406,P90-P95,1
2,energy_session,Diffusion,406,P95-P99,1
2,energy_session,Diffusion,406,>P99,1
2,energy_session,Diffusion,100,P90-P95,1
2,energy_session,Diffusion,100,P95-P99,1
2,energy_session,Diffusion,100,>P99,1
2,energy_session,Diffusion,200,P90-P95,1
2,energy_session,Diffusion,200,P95-P99,1
2,energy_session,Diffusion,200,>P99,1
2,energy_session,Diffusion,300,P90-P95,1
2,energy_session,Diffusion,300,P95-P99,1
2,energy_session,Diffusion,300,>P99,1
2,energy_session,Diffusion,400,P90-P95,1
2,energy_session,Diffusion,400,P95-P99,1
2,energy_session,Diffusion,400,>P99,1
2,energy_session,CTGAN,406,P90-P95,1
2,energy_session,CTGAN,406,P95-P99,1
2,energy_session,CTGAN,406,>P99,1
2,energy_session,CTGAN,100,P90-P95,1
2,energy_session,CTGAN,100,P95-P99,1
2,energy_session,CTGAN,100,>P99,1
2,energy_session,CTGAN,200,P90-P95,1
2,energy_session,CTGAN,200,P95-P99,1
2,energy_session,CTGAN,200,>P99,1
2,energy_session,CTGAN,300,P90-P95,1
2,energy_session,CTGAN,300,P95-P99,1
2,energy_session,CTGAN,300,>P99,1
2,energy_session,CTGAN,400,P90-P95,1
2,energy_session,CTGAN,400,P95-P99,1
2,energy_session,CTGAN,400,>P99,1
2,energy_session,TabDDPM,406,P90-P95,0
2,energy_session,TabDDPM,406,P95-P99,1
2,energy_session,TabDDPM,406,>P99,1
2,energy_session,TabDDPM,100,P90-P95,0
2,energy_session,TabDDPM,100,P95-P99,0
2,energy_session,TabDDPM,100,>P99,1
2,energy_session,TabDDPM,200,P90-P95,0
2,energy_session,TabDDPM,200,P95-P99,0
2,energy_session,TabDDPM,200,>P99,1
2,energy_session,TabDDPM,300,P90-P95,0
2,energy_session,TabDDPM,300,P95-P99,0
2,energy_session,TabDDPM,300,>P99,1
2,energy_session,TabDDPM,400,P90-P95,0
2,energy_session,TabDDPM,400,P95-P99,0
2,energy_session,TabDDPM,400,>P99,1
3,connection_time,Diffusion,406,P90-P95,1
3,connection_time,Diffusion,406,P95-P99,1
3,connection_time,Diffusion,406,>P99,1
3,connection_time,Diffusion,100,P90-P95,1
3,connection_time,Diffusion,100,P95-P99,1
3,connection_time,Diffusion,100,>P99,1
3,connection_time,Diffusion,200,P90-P95,1
3,connection_time,Diffusion,200,P95-P99,1
3,connection_time,Diffusion,200,>P99,1
3,connection_time,Diffusion,300,P90-P95,1
3,connection_time,Diffusion,300,P95-P99,1
3,connection_time,Diffusion,300,>P99,1
3,connection_time,Diffusion,400,P90-P95,1
3,connection_time,Diffusion,400,P95-P99,1
3,connection_time,Diffusion,400,>P99,1
3,connection_time,CTGAN,406,P90-P95,1
3,connection_time,CTGAN,406,P95-P99,1
3,connection_time,CTGAN,406,>P99,1
3,connection_time,CTGAN,100,P90-P95,1
3,connection_time,CTGAN,100,P95-P99,1
3,connection_time,CTGAN,100,>P99,1
3,connection_time,CTGAN,200,P90-P95,1
3,connection_time,CTGAN,200,P95-P99,1
3,connection_time,CTGAN,200,>P99,1
3,connection_time,CTGAN,300,P90-P95,1
3,connection_time,CTGAN,300,P95-P99,1
3,connection_time,CTGAN,300,>P99,1
3,connection_time,CTGAN,400,P90-P95,1
3,connection_time,CTGAN,400,P95-P99,1
3,connection_time,CTGAN,400,>P99,1
3,connection_time,TabDDPM,406,P90-P95,0
3,connection_time,TabDDPM,406,P95-P99,1
3,connection_time,TabDDPM,406,>P99,1
3,connection_time,TabDDPM,100,P90-P95,0
3,connection_time,TabDDPM,100,P95-P99,0
3,connection_time,TabDDPM,100,>P99,1
3,connection_time,TabDDPM,200,P90-P95,0
3,connection_time,TabDDPM,200,P95-P99,0
3,connection_time,TabDDPM,200,>P99,1
3,connection_time,TabDDPM,300,P90-P95,0
3,connection_time,TabDDPM,300,P95-P99,0
3,connection_time,TabDDPM,300,>P99,1
3,connection_time,TabDDPM,400,P90-P95,0
3,connection_time,TabDDPM,400,P95-P99,0
3,connection_time,TabDDPM,400,>P99,1
3,energy_session,Diffusion,406,P90-P95,1
3,energy_session,Diffusion,406,P95-P99,1
3,energy_session,Diffusion,406,>P99,1
3,energy_session,Diffusion,100,P90-P95,1
3,energy_session,Diffusion,100,P95-P99,1
3,energy_session,Diffusion,100,>P99,1
3,energy_session,Diffusion,200,P90-P95,1
3,energy_session,Diffusion,200,P95-P99,1
3,energy_session,Diffusion,200,>P99,1
3,energy_session,Diffusion,300,P90-P95,1
3,energy_session,Diffusion,300,P95-P99,1
3,energy_session,Diffusion,300,>P99,1
3,energy_session,Diffusion,400,P90-P95,1
3,energy_session,Diffusion,400,P95-P99,1
3,energy_session,Diffusion,400,>P99,1
3,energy_session,CTGAN,406,P90-P95,1
3,energy_session,CTGAN,406,P95-P99,1
3,energy_session,CTGAN,406,>P99,1
3,energy_session,CTGAN,100,P90-P95,1
3,energy_session,CTGAN,100,P95-P99,1
3,energy_session,CTGAN,100,>P99,1
3,energy_session,CTGAN,200,P90-P95,1
3,energy_session,CTGAN,200,P95-P99,1
3,energy_session,CTGAN,200,>P99,1
3,energy_session,CTGAN,300,P90-P95,1
3,energy_session,CTGAN,300,P95-P99,1
3,energy_session,CTGAN,300,>P99,1
3,energy_session,CTGAN,400,P90-P95,1
3,energy_session,CTGAN,400,P95-P99,1
3,energy_session,CTGAN,400,>P99,1
3,energy_session,TabDDPM,406,P90-P95,0
3,energy_session,TabDDPM,406,P95-P99,0
3,energy_session,TabDDPM,406,>P99,1
3,energy_session,TabDDPM,100,P90-P95,0
3,energy_session,TabDDPM,100,P95-P99,0
3,energy_session,TabDDPM,100,>P99,1
3,energy_session,TabDDPM,200,P90-P95,0
3,energy_session,TabDDPM,200,P95-P99,0
3,energy_session,TabDDPM,200,>P99,1
3,energy_session,TabDDPM,300,P90-P95,0
3,energy_session,TabDDPM,300,P95-P99,0
3,energy_session,TabDDPM,300,>P99,1
3,energy_session,TabDDPM,400,P90-P95,0
3,energy_session,TabDDPM,400,P95-P99,0
3,energy_session,TabDDPM,400,>P99,1
4,connection_time,Diffusion,406,P90-P95,1
4,connection_time,Diffusion,406,P95-P99,1
4,connection_time,Diffusion,406,>P99,1
4,connection_time,Diffusion,100,P90-P95,1
4,connection_time,Diffusion,100,P95-P99,1
4,connection_time,Diffusion,100,>P99,1
4,connection_time,Diffusion,200,P90-P95,1
4,connection_time,Diffusion,200,P95-P99,1
4,connection_time,Diffusion,200,>P99,1
4,connection_time,Diffusion,300,P90-P95,1
4,connection_time,Diffusion,300,P95-P99,1
4,connection_time,Diffusion,300,>P99,1
4,connection_time,Diffusion,400,P90-P95,1
4,connection_time,Diffusion,400,P95-P99,1
4,connection_time,Diffusion,400,>P99,1
4,connection_time,CTGAN,406,P90-P95,1
4,connection_time,CTGAN,406,P95-P99,1
4,connection_time,CTGAN,406,>P99,1
4,connection_time,CTGAN,100,P90-P95,1
4,connection_time,CTGAN,100,P95-P99,1
4,connection_time,CTGAN,100,>P99,1
4,connection_time,CTGAN,200,P90-P95,1
4,connection_time,CTGAN,200,P95-P99,1
4,connection_time,CTGAN,200,>P99,1
4,connection_time,CTGAN,300,P90-P95,1
4,connection_time,CTGAN,300,P95-P99,1
4,connection_time,CTGAN,300,>P99,1
4,connection_time,CTGAN,400,P90-P95,1
4,connection_time,CTGAN,400,P95-P99,1
4,connection_time,CTGAN,400,>P99,1
4,connection_time,TabDDPM,406,P90-P95,0
4,connection_time,TabDDPM,406,P95-P99,0
4,connection_time,TabDDPM,406,>P99,1
4,connection_time,TabDDPM,100,P90-P95,0
4,connection_time,TabDDPM,100,P95-P99,0
4,connection_time,TabDDPM,100,>P99,1
4,connection_time,TabDDPM,200,P90-P95,0
4,connection_time,TabDDPM,200,P95-P99,0
4,connection_time,TabDDPM,200,>P99,1
4,connection_time,TabDDPM,300,P90-P95,0
4,connection_time,TabDDPM,300,P95-P99,0
4,connection_time,TabDDPM,300,>P99,1
4,connection_time,TabDDPM,400,P90-P95,0
4,connection_time,TabDDPM,400,P95-P99,0
4,connection_time,TabDDPM,400,>P99,1
4,energy_session,Diffusion,406,P90-P95,1
4,energy_session,Diffusion,406,P95-P99,1
4,energy_session,Diffusion,406,>P99,1
4,energy_session,Diffusion,100,P90-P95,1
4,energy_session,Diffusion,100,P95-P99,1
4,energy_session,Diffusion,100,>P99,1
4,energy_session,Diffusion,200,P90-P95,1
4,energy_session,Diffusion,200,P95-P99,1
4,energy_session,Diffusion,200,>P99,1
4,energy_session,Diffusion,300,P90-P95,1
4,energy_session,Diffusion,300,P95-P99,1
4,energy_session,Diffusion,300,>P99,1
4,energy_session,Diffusion,400,P90-P95,1
4,energy_session,Diffusion,400,P95-P99,1
4,energy_session,Diffusion,400,>P99,1
4,energy_session,CTGAN,406,P90-P95,1
4,energy_session,CTGAN,406,P95-P99,1
4,energy_session,CTGAN,406,>P99,1
4,energy_session,CTGAN,100,P90-P95,1
4,energy_session,CTGAN,100,P95-P99,1
4,energy_session,CTGAN,100,>P99,1
4,energy_session,CTGAN,200,P90-P95,1
4,energy_session,CTGAN,200,P95-P99,1
4,energy_session,CTGAN,200,>P99,1
4,energy_session,CTGAN,300,P90-P95,1
4,energy_session,CTGAN,300,P95-P99,1
4,energy_session,CTGAN,300,>P99,1
4,energy_session,CTGAN,400,P90-P95,1
4,energy_session,CTGAN,400,P95-P99,1
4,energy_session,CTGAN,400,>P99,1
4,energy_session,TabDDPM,406,P90-P95,0
4,energy_session,TabDDPM,406,P95-P99,0
4,energy_session,TabDDPM,406,>P99,1
4,energy_session,TabDDPM,100,P90-P95,0
4,energy_session,TabDDPM,100,P95-P99,0
4,energy_session,TabDDPM,100,>P99,1
4,energy_session,TabDDPM,200,P90-P95,0
4,energy_session,TabDDPM,200,P95-P99,0
4,energy_session,TabDDPM,200,>P99,1
4,energy_session,TabDDPM,300,P90-P95,0
4,energy_session,TabDDPM,300,P95-P99,0
4,energy_session,TabDDPM,300,>P99,1
4,energy_session,TabDDPM,400,P90-P95,0
4,energy_session,TabDDPM,400,P95-P99,0
4,energy_session,TabDDPM,400,>P99,1
