location_group,seed,model,tail_variable,real_p90_threshold,exceedance_pct
1,406,Diffusion,Connection time,21.249832,14.58196181698486
1,100,Diffusion,Connection time,21.249832,15.21523178807947
1,200,Diffusion,Connection time,21.249832,15.011509371917134
1,300,Diffusion,Connection time,21.249832,15.117433013562687
1,400,Diffusion,Connection time,21.249832,14.483212639894669
1,406,CTGAN,Connection time,21.249832,10.123986203039061
1,100,CTGAN,Connection time,21.249832,9.807819748177602
1,200,CTGAN,Connection time,21.249832,10.015794852736226
1,300,CTGAN,Connection time,21.249832,9.941575574820957
1,400,CTGAN,Connection time,21.249832,10.139109326860238
1,406,TabDDPM,Connection time,21.249832,47.66477113824928
1,100,TabDDPM,Connection time,21.249832,47.74211871627379
1,200,TabDDPM,Connection time,21.249832,48.54594443928273
1,300,TabDDPM,Connection time,21.249832,47.399170750094235
1,400,TabDDPM,Connection time,21.249832,48.202782186537206
1,406,Diffusion,Energy session,27.282000000000007,9.56221198156682
1,100,Diffusion,Energy session,27.282000000000007,10.082781456953642
1,200,Diffusion,Energy session,27.282000000000007,9.42124301216705
1,300,Diffusion,Energy session,27.282000000000007,9.526959973536222
1,400,Diffusion,Energy session,27.282000000000007,9.150757077024359
1,406,CTGAN,Energy session,27.282000000000007,8.324787918336906
1,100,CTGAN,Energy session,27.282000000000007,8.207895484237431
1,200,CTGAN,Energy session,27.282000000000007,8.584967016631051
1,300,CTGAN,Energy session,27.282000000000007,8.688277421786657
1,400,CTGAN,Energy session,27.282000000000007,8.98142096909719
1,406,TabDDPM,Energy session,27.282000000000007,47.161368509368884
1,100,TabDDPM,Energy session,27.282000000000007,46.52087475149106
1,200,TabDDPM,Energy session,27.282000000000007,45.981603642107224
1,300,TabDDPM,Energy session,27.282000000000007,46.381454956652846
1,400,TabDDPM,Energy session,27.282000000000007,46.73699934646625
2,406,Diffusion,Connection time,22.511669000000005,12.759833706427887
2,100,Diffusion,Connection time,22.511669000000005,12.653399668325042
2,200,Diffusion,Connection time,22.511669000000005,12.605042016806722
2,300,Diffusion,Connection time,22.511669000000005,12.676284649051711
2,400,Diffusion,Connection time,22.511669000000005,12.617427923550373
2,406,CTGAN,Connection time,22.511669000000005,5.864380051251724
2,100,CTGAN,Connection time,22.511669000000005,5.703077851538926
2,200,CTGAN,Connection time,22.511669000000005,6.610435464888191
2,300,CTGAN,Connection time,22.511669000000005,5.838979673176564
2,400,CTGAN,Connection time,22.511669000000005,5.838115970710469
2,406,TabDDPM,Connection time,22.511669000000005,47.51815378493982
2,100,TabDDPM,Connection time,22.511669000000005,47.634930260764094
2,200,TabDDPM,Connection time,22.511669000000005,49.16846018391704
2,300,TabDDPM,Connection time,22.511669000000005,48.85970974429855
2,400,TabDDPM,Connection time,22.511669000000005,47.81843083545294
2,406,Diffusion,Energy session,27.302000000000017,10.217460825071955
2,100,Diffusion,Energy session,27.302000000000017,9.734660033167495
2,200,Diffusion,Energy session,27.302000000000017,10.536522301228183
2,300,Diffusion,Energy session,27.302000000000017,10.196142000324201
2,400,Diffusion,Energy session,27.302000000000017,10.349854227405247
2,406,CTGAN,Energy session,27.302000000000017,8.4762467967672
2,100,CTGAN,Energy session,27.302000000000017,8.167370750352042
2,200,CTGAN,Energy session,27.302000000000017,7.865829737151825
2,300,CTGAN,Energy session,27.302000000000017,8.579115185332801
2,400,CTGAN,Energy session,27.302000000000017,8.07441124084702
2,406,TabDDPM,Energy session,27.302000000000017,45.966378195563514
2,100,TabDDPM,Energy session,27.302000000000017,46.09864564382454
2,200,TabDDPM,Energy session,27.302000000000017,46.24339659557816
2,300,TabDDPM,Energy session,27.302000000000017,45.917662158159736
2,400,TabDDPM,Energy session,27.302000000000017,46.63470945020544
3,406,Diffusion,Connection time,40.65,6.56795747911921
3,100,Diffusion,Connection time,40.65,6.061776061776062
3,200,Diffusion,Connection time,40.65,6.809631301730625
3,300,Diffusion,Connection time,40.65,6.510416666666667
3,400,Diffusion,Connection time,40.65,6.528189910979229
3,406,CTGAN,Connection time,40.65,6.050482553823311
3,100,CTGAN,Connection time,40.65,5.826351865955826
3,200,CTGAN,Connection time,40.65,6.124681006197593
3,300,CTGAN,Connection time,40.65,5.310049893086244
3,400,CTGAN,Connection time,40.65,6.046343229543809
3,406,TabDDPM,Connection time,40.65,47.81818181818182
3,100,TabDDPM,Connection time,40.65,47.71992818671455
3,200,TabDDPM,Connection time,40.65,47.80701754385965
3,300,TabDDPM,Connection time,40.65,48.68701206529453
3,400,TabDDPM,Connection time,40.65,47.89884715507623
3,406,Diffusion,Energy session,28.88,8.276385725132878
3,100,Diffusion,Energy session,28.88,9.150579150579151
3,200,Diffusion,Energy session,28.88,9.255079006772009
3,300,Diffusion,Energy session,28.88,9.151785714285714
3,400,Diffusion,Energy session,28.88,7.678041543026707
3,406,CTGAN,Energy session,28.88,9.279881217520416
3,100,CTGAN,Energy session,28.88,8.606245239908606
3,200,CTGAN,Energy session,28.88,10.42654028436019
3,300,CTGAN,Energy session,28.88,9.372772630078403
3,400,CTGAN,Energy session,28.88,10.644460535843592
3,406,TabDDPM,Energy session,28.88,46.800000000000004
3,100,TabDDPM,Energy session,28.88,44.91921005385996
3,200,TabDDPM,Energy session,28.88,45.57748538011696
3,300,TabDDPM,Energy session,28.88,45.63520227111427
3,400,TabDDPM,Energy session,28.88,45.667534399404985
4,406,Diffusion,Connection time,38.6,7.960064759848893
4,100,Diffusion,Connection time,38.6,8.105872622001655
4,200,Diffusion,Connection time,38.6,6.896551724137931
4,300,Diffusion,Connection time,38.6,8.195364238410596
4,400,Diffusion,Connection time,38.6,7.146638433033351
4,406,CTGAN,Connection time,38.6,9.855871131835524
4,100,CTGAN,Connection time,38.6,10.110893672537507
4,200,CTGAN,Connection time,38.6,8.898216159496327
4,300,CTGAN,Connection time,38.6,9.652342906499676
4,400,CTGAN,Connection time,38.6,9.079550187421907
4,406,TabDDPM,Connection time,38.6,47.28877679697352
4,100,TabDDPM,Connection time,38.6,48.910974836117575
4,200,TabDDPM,Connection time,38.6,48.08565866320571
4,300,TabDDPM,Connection time,38.6,48.5508779352655
4,400,TabDDPM,Connection time,38.6,46.81440443213297
4,406,Diffusion,Energy session,32.27,8.580679978413382
4,100,Diffusion,Energy session,32.27,9.70499035015164
4,200,Diffusion,Energy session,32.27,10.183189655172415
4,300,Diffusion,Energy session,32.27,8.002207505518765
4,400,Diffusion,Energy session,32.27,8.946532556908418
4,406,CTGAN,Energy session,32.27,8.054260279779568
4,100,CTGAN,Energy session,32.27,7.91476407914764
4,200,CTGAN,Energy session,32.27,7.38719832109129
4,300,CTGAN,Energy session,32.27,8.183977542647376
4,400,CTGAN,Energy session,32.27,7.288629737609329
4,406,TabDDPM,Energy session,32.27,46.2589323245061
4,100,TabDDPM,Energy session,32.27,46.56375555085642
4,200,TabDDPM,Energy session,32.27,46.463335496430894
4,300,TabDDPM,Energy session,32.27,46.118045271842604
4,400,TabDDPM,Energy session,32.27,46.878329426805884
